choice_time,element,entry,entry_name,id_x,index,league,pick,player_first_name,player_last_name,round,seconds_to_pick,was_auto,id_y,assists,bonus,bps,clean_sheets,creativity,goals_conceded,goals_scored,ict_index,influence,minutes,own_goals,penalties_missed,penalties_saved,red_cards,saves,threat,yellow_cards,starts,expected_goals,expected_assists,expected_goal_involvements,expected_goals_conceded,added,chance_of_playing_next_round,chance_of_playing_this_round,code,draft_rank,dreamteam_count,ep_next,ep_this,event_points,first_name,form,in_dreamteam,news,news_added,news_return,news_updated,points_per_game,second_name,squad_number,status,total_points,web_name,influence_rank,influence_rank_type,creativity_rank,creativity_rank_type,threat_rank,threat_rank_type,ict_index_rank,ict_index_rank_type,form_rank,form_rank_type,points_per_game_rank,points_per_game_rank_type,corners_and_indirect_freekicks_order,corners_and_indirect_freekicks_text,direct_freekicks_order,direct_freekicks_text,penalties_order,penalties_text,element_type,team,position_points_rank,pick_order,position_pick_order,points_vs_position_pick,points_vs_position_pick_rank,all_players_position_points_rank,all_players_points_vs_position_pick,all_players_points_vs_position_pick_rank
,,,,,,,,,,,,,1,0,0,0,0,0.0,0,0,0.0,0.0,0,0,0,0,0,0,0.0,0,0,0.00,0.00,0.00,0.00,2024-07-17T10:20:02.478927Z,0.0,0.0,438098,150,0,,,0,Fábio,0.0,False,Has joined Portuguese side FC Porto on loan for the 2024/25 season,2024-08-29T11:06:25.241953Z,,,0.0,Ferreira Vieira,,u,0,Fábio Vieira,683,310,682,310,680,308,683,310,,,,,,,,,,,3,1,,,,,,230.0,,
2024-08-13T19:40:31.989875Z,2,184679.0,Kernowfornia United,3320871.0,36.0,48142.0,9.0,Scott,Renfree-Tuck,4.0,,False,2,0,0,36,1,63.6,2,0,17.1,26.6,243,0,0,0,0,0,82.0,4,2,0.87,0.12,0.99,2.44,2024-07-17T10:20:02.483728Z,100.0,100.0,205651,35,0,,,1,Gabriel,0.8,False,,2024-08-25T11:00:05.312580Z,,,0.8,Fernando de Jesus,,a,9,G.Jesus,378,37,227,28,171,33,298,32,,,,,,,,,,,4,1,23.0,36.0,11.0,-12.0,24.0,37.0,-26.0,24.0
2024-08-13T19:35:34.351939Z,3,317751.0,Some Solanke-Panky?,3320858.0,23.0,48142.0,5.0,Alex,Turnbull,3.0,,False,3,1,4,210,4,68.2,13,3,59.7,313.4,1088,0,0,0,0,0,215.0,1,13,1.76,0.50,2.26,12.50,2024-07-17T10:20:02.484838Z,75.0,75.0,226597,74,0,,,0,Gabriel,3.4,True,Muscle injury - 75% chance of playing,2024-11-27T10:30:06.325759Z,,,4.6,dos Santos Magalhães,,d,60,Gabriel,46,14,216,55,58,2,85,14,,,,,,,,,,,2,1,3.0,23.0,5.0,2.0,18.0,3.0,2.0,12.0
2024-08-13T19:33:38.154723Z,4,317751.0,Some Solanke-Panky?,3320849.0,14.0,48142.0,5.0,Alex,Turnbull,2.0,,False,4,2,7,208,4,160.0,15,5,87.8,280.8,1243,0,0,0,0,0,437.0,2,14,5.75,1.16,6.91,13.85,2024-07-17T10:20:02.485835Z,100.0,100.0,219847,12,0,,,5,Kai,2.8,False,,2024-11-07T09:00:07.112803Z,,,4.2,Havertz,,a,59,Havertz,73,12,112,9,11,4,29,7,,,,,,,,,,,4,1,9.0,14.0,5.0,-4.0,16.0,13.0,-8.0,16.0
,,,,,,,,,,,,,5,0,0,0,0,0.0,0,0,0.0,0.0,0,0,0,0,0,0,0.0,0,0,0.00,0.00,0.00,0.00,2024-07-17T10:20:02.487533Z,0.0,0.0,463748,615,0,,,0,Karl,0.0,False,Loaned to Real Valladolid,2024-08-14T08:31:46.556082Z,,,0.0,Hein,,u,0,Hein,511,58,491,37,455,27,513,58,,,,,,,,,,,1,1,,,,,,35.0,,
,,,,,,,,,,,,,6,1,2,167,4,168.8,10,1,48.3,178.0,1040,0,0,0,0,0,139.0,3,12,0.67,0.46,1.13,10.05,2024-07-17T10:20:02.488628Z,100.0,100.0,445122,155,0,,,2,Jurriën,5.0,False,,2024-10-04T13:30:05.569185Z,,,3.6,Timber,,a,47,J.Timber,170,67,101,21,103,9,128,33,,,,,,,,,,,2,1,,,,,,16.0,,
,,,,,,,,,,,,,7,0,0,54,1,45.6,4,0,7.6,27.2,363,0,0,0,0,0,3.0,3,5,0.04,0.29,0.33,2.92,2024-07-17T10:20:02.489795Z,,,85955,253,0,,,2,Jorge Luiz,1.0,False,,,,,1.3,Frello Filho,,a,9,Jorginho,374,175,272,167,378,202,358,178,,,,,,,,,,,3,1,,,,,,165.0,,
,,,,,,,,,,,,,8,0,0,39,1,13.7,5,0,6.3,49.2,323,0,0,0,0,0,0.0,0,2,0.00,0.03,0.03,4.45,2024-07-17T10:20:02.491720Z,,,440854,225,0,,,2,Jakub,2.0,False,,,,,1.6,Kiwior,,a,13,Kiwior,338,117,346,112,639,228,376,124,,,,,,,,,,,2,1,,,,,,97.0,,
2024-08-13T19:52:16.536685Z,9,318371.0,Up the Ding,3320901.0,66.0,48142.0,3.0,Matthew,Stent,8.0,,False,9,2,4,159,4,177.4,9,3,69.1,210.0,778,0,0,0,0,0,304.0,1,9,2.18,1.86,4.04,8.78,2024-07-17T10:20:02.493120Z,100.0,100.0,444145,32,0,,,0,Gabriel,2.2,False,,2024-10-18T16:00:06.884775Z,,,3.8,Martinelli Silva,,a,50,Martinelli,134,48,92,70,35,20,57,35,,,,,,,,,,,3,1,17.0,66.0,27.0,10.0,13.0,28.0,-1.0,14.0
,,,,,,,,,,,,,10,1,2,143,1,223.9,9,1,55.1,131.6,483,0,0,0,0,0,195.0,1,5,1.07,0.96,2.03,6.13,2024-07-17T10:20:02.494252Z,25.0,0.0,200641,287,0,,,0,Reiss,1.8,False,Hamstring injury - 25% chance of playing,2024-12-05T00:30:07.571778Z,,,2.2,Nelson,,d,27,Nelson,222,92,64,50,66,40,97,58,,,,,,,,,,,3,9,,,,,,90.0,,
,,,,,,,,,,,,,11,0,0,63,1,85.0,8,0,29.3,48.4,515,0,0,0,0,0,162.0,2,6,1.02,0.39,1.41,7.90,2024-07-17T10:20:02.495166Z,100.0,100.0,205533,87,0,,,0,Eddie,0.5,False,,2024-11-08T15:00:07.256448Z,,,1.4,Nketiah,,a,14,Nketiah,339,33,194,24,94,28,224,28,,,,,,,,,,,4,7,,,,,,34.0,,
,,,,,,,,,,,,,12,0,0,49,0,29.2,0,1,12.3,52.6,76,0,0,0,0,0,41.0,0,0,0.15,0.19,0.34,0.71,2024-07-17T10:20:02.495977Z,,,499175,506,0,,,1,Ethan,1.6,False,,,,,1.6,Nwaneri,,a,13,Nwaneri,335,159,303,178,250,140,323,159,,,,,,,,,,,3,1,,,,,,147.0,,
2024-08-13T19:32:02.370154Z,13,184585.0,Easy Three Points,3320845.0,10.0,48142.0,1.0,Jonathan,Ako,2.0,,False,13,2,3,153,4,297.8,5,1,59.9,167.0,664,0,0,0,0,0,133.0,1,8,1.77,1.95,3.72,5.66,2024-07-17T10:20:02.496744Z,100.0,100.0,184029,9,0,,,2,Martin,5.2,False,,2024-09-10T00:30:06.311550Z,,,4.1,Ødegaard,,a,33,Ødegaard,180,71,35,29,114,74,83,51,,,,,,,,,,,3,1,30.0,10.0,5.0,-25.0,44.0,71.0,-66.0,36.0
,,,,,,,,,,,,,14,0,2,102,1,0.0,19,0,26.2,261.6,810,0,0,0,0,36,0.0,1,9,0.00,0.01,0.01,20.33,2024-07-17T10:20:02.500197Z,0.0,0.0,225321,470,0,,,0,Aaron,0.0,False,Hand injury - Expected back 22 Dec,2024-11-12T14:30:07.315514Z,,,2.9,Ramsdale,,i,26,Ramsdale,85,15,555,58,532,50,243,15,,,,,,,,,,,1,17,,,,,,19.0,,
2024-08-13T19:47:32.794230Z,15,184679.0,Kernowfornia United,3320889.0,54.0,48142.0,9.0,Scott,Renfree-Tuck,6.0,,False,15,0,6,212,5,0.0,15,0,34.8,347.2,1350,0,0,0,0,40,0.0,2,15,0.00,0.01,0.01,14.18,2024-07-17T10:20:02.501613Z,100.0,100.0,154561,101,0,,,2,David,3.6,False,,2024-09-25T21:30:06.211210Z,,,3.9,Raya Martin,,a,58,Raya,30,10,685,72,683,72,191,11,,,,,,,,,,,1,1,2.0,54.0,4.0,2.0,6.0,3.0,1.0,6.0
2024-08-13T19:49:27.758654Z,16,317751.0,Some Solanke-Panky?,3320894.0,59.0,48142.0,5.0,Alex,Turnbull,7.0,,False,16,2,2,190,3,362.7,15,0,68.7,215.2,1102,0,0,0,1,0,114.0,3,13,0.94,2.36,3.30,11.15,2024-07-17T10:20:02.502666Z,100.0,100.0,204480,40,0,,,2,Declan,2.6,False,,2024-11-07T09:00:07.142642Z,,,2.3,Rice,,a,30,Rice,130,45,20,17,129,83,59,37,,,,,,,,,,,3,1,33.0,59.0,24.0,-9.0,31.0,78.0,-54.0,30.0
2024-08-13T19:31:24.954430Z,17,318371.0,Up the Ding,3320842.0,7.0,48142.0,7.0,Matthew,Stent,1.0,,False,17,11,16,409,5,580.6,12,5,163.6,493.4,1155,0,0,0,0,0,563.0,3,14,3.84,5.04,8.88,9.69,2024-07-17T10:20:02.503729Z,100.0,100.0,223340,4,0,,,2,Bukayo,7.6,True,,2024-11-10T23:00:07.191683Z,,,7.4,Saka,,a,103,Saka,6,4,1,1,4,2,3,3,,,,,,,,,,,3,1,3.0,7.0,3.0,0.0,20.0,3.0,0.0,11.0
2024-08-13T19:35:30.082920Z,18,283372.0,CripplingHannover96,3320857.0,22.0,48142.0,4.0,Ryan,McIntyre,3.0,,False,18,0,5,228,5,43.6,13,2,42.1,292.2,1199,0,0,0,1,0,83.0,2,14,1.88,0.62,2.50,11.54,2024-07-17T10:20:02.504650Z,100.0,100.0,462424,73,0,,,9,William,6.8,False,,2024-10-19T19:30:06.564445Z,,,3.9,Saliba,,a,55,Saliba,61,20,276,78,170,34,147,38,,,,,,,,,,,2,1,6.0,22.0,4.0,-2.0,25.0,7.0,-3.0,17.0
2024-08-13T20:00:29.352649Z,19,228518.0,Boom Boom Eagle FC,3320924.0,89.0,48142.0,8.0,Sam,Thorpe,10.0,,False,19,2,8,247,5,244.2,13,3,65.4,245.4,1067,0,0,0,0,0,164.0,1,14,2.12,1.27,3.39,12.85,2024-07-17T10:20:02.505561Z,,,209289,149,0,,,1,Emile,1.5,False,,,,,4.0,Smith Rowe,,a,60,Smith Rowe,99,34,52,43,92,58,70,45,,,,,,,,,,,3,9,11.0,89.0,38.0,27.0,1.0,16.0,22.0,1.0
,,,,,,,,,,,,,20,1,5,245,4,162.2,13,2,53.0,270.8,1197,0,0,0,0,0,94.0,2,13,1.19,0.93,2.12,12.43,2024-07-17T10:20:02.506466Z,100.0,100.0,167199,277,0,,,2,Thomas,3.6,False,,2024-11-30T22:00:07.258906Z,,,3.4,Partey,,a,47,Thomas,76,27,111,81,152,95,105,63,,,,,,,,,,,3,1,,,,,,36.0,,
,,,,,,,,,,,,,21,0,0,0,0,0.0,0,0,0.0,0.0,0,0,0,0,0,0,0.0,0,0,0.00,0.00,0.00,0.00,2024-07-17T10:20:02.507607Z,100.0,100.0,192895,513,0,,,0,Kieran,0.0,False,,2024-08-12T14:30:04.394338Z,,,0.0,Tierney,,a,0,Tierney,554,213,542,212,514,202,556,213,,,,,,,,,,,2,1,,,,,,161.0,,
,,,,,,,,,,,,,22,0,0,2,0,0.3,0,0,1.0,0.4,6,0,0,0,0,0,9.0,0,0,0.18,0.00,0.18,0.04,2024-07-17T10:20:02.508589Z,0.0,0.0,223723,223,0,,,0,Tomiyasu,0.0,False,Knee injury - Unknown return date,2024-10-18T16:00:06.930143Z,,,1.0,Takehiro,,i,1,Tomiyasu,466,162,437,156,347,118,446,154,,,,,,,,,,,2,1,,,,,,144.0,,
2024-08-13T20:02:59.481811Z,23,325685.0,TAA very much,3320931.0,96.0,48142.0,6.0,James,Mason,11.0,,False,23,2,5,176,3,200.0,11,3,68.7,211.8,838,0,0,0,1,0,277.0,0,10,2.50,0.90,3.40,6.80,2024-07-17T10:20:02.509693Z,100.0,100.0,116216,26,0,,,1,Leandro,3.6,False,,2024-11-21T08:30:08.540890Z,,,3.2,Trossard,,a,48,Trossard,133,47,75,59,39,24,60,38,,,,,,,,,,,3,1,19.0,96.0,39.0,20.0,3.0,32.0,7.0,6.0
2024-08-13T19:35:19.016731Z,24,228518.0,Boom Boom Eagle FC,3320855.0,20.0,48142.0,2.0,Sam,Thorpe,3.0,,False,24,1,0,112,3,55.3,7,0,21.3,128.4,694,0,0,0,0,0,29.0,2,7,0.13,0.32,0.45,9.87,2024-07-17T10:20:02.510778Z,0.0,0.0,198869,39,0,,,0,Benjamin,0.2,False,Knee injury - Unknown return date,2024-11-14T13:00:07.861117Z,,,3.0,White,,i,27,White,227,86,250,67,283,88,269,87,,,,,,,,,,,2,1,27.0,20.0,3.0,-24.0,41.0,56.0,-53.0,35.0
2024-08-13T20:11:35.342262Z,25,325685.0,TAA very much,3320956.0,121.0,48142.0,4.0,James,Mason,14.0,,False,25,0,0,60,2,23.2,0,0,6.7,22.2,234,0,0,0,0,0,21.0,1,2,0.06,0.08,0.14,1.73,2024-07-17T10:20:02.511975Z,75.0,100.0,206325,201,0,,,0,Oleksandr,1.4,False,Knock - 75% chance of playing,2024-12-09T09:30:06.099861Z,,,2.5,Zinchenko,,d,15,Zinchenko,388,136,319,103,298,95,371,121,,,,,,,,,,,2,1,37.0,121.0,39.0,2.0,19.0,86.0,-47.0,31.0
,,,,,,,,,,,,,26,1,1,107,3,78.6,13,0,26.0,156.6,787,0,0,0,0,0,25.0,2,10,0.17,0.81,0.98,10.56,2024-07-17T10:20:02.513274Z,0.0,,106468,425,0,,,0,Álex,0.8,False,Ineligible to face his parent club on 14/12. - Expected back 21 Dec,2024-12-07T21:30:07.580389Z,,,2.7,Moreno Lopera,,n,30,Alex Moreno,192,75,201,50,286,89,247,79,,,,,,,,,,,2,16,,,,,,49.0,,
,,,,,,,,,,,,,27,0,4,90,1,38.9,17,2,38.8,90.2,836,0,1,0,0,0,258.0,0,9,4.35,0.37,4.72,22.34,2024-07-17T10:20:02.514545Z,,,433979,210,0,,,2,Cameron,1.8,False,,,,,2.3,Archer,,a,34,Archer,277,25,285,32,45,18,172,24,,,,,,,,,,,4,17,,,,,,23.0,,
2024-08-13T19:45:14.484914Z,28,324701.0,Eleven Hags,3320882.0,47.0,48142.0,2.0,Liam,Thaker,6.0,,False,28,2,0,90,1,153.8,12,0,35.7,66.8,727,0,0,0,0,0,138.0,2,10,0.58,2.33,2.91,8.93,2024-07-17T10:20:02.515695Z,25.0,100.0,215711,46,0,,,1,Leon,1.5,False,Hamstring injury - 25% chance of playing,2024-12-09T09:30:06.119495Z,,,1.9,Bailey,,d,27,Bailey,313,148,119,86,107,68,188,100,,,,,,,,,,,3,2,36.0,47.0,21.0,-15.0,38.0,91.0,-70.0,37.0
,,,,,,,,,,,,,29,1,2,101,1,95.8,6,2,40.8,142.0,440,0,0,0,0,0,171.0,3,2,1.53,0.36,1.89,4.14,2024-07-17T10:20:02.517053Z,100.0,100.0,88894,120,0,,,1,Ross,3.0,False,,2024-11-01T16:30:07.356966Z,,,2.2,Barkley,,a,27,Barkley,208,85,182,118,84,51,162,93,,,,,,,,,,,3,2,,,,,,92.0,,
,,,,,,,,,,,,,30,0,0,0,0,0.0,0,0,0.0,0.0,0,0,0,0,0,0,0.0,0,0,0.00,0.00,0.00,0.00,2024-07-17T10:20:02.518244Z,0.0,0.0,491287,303,0,,,0,Enzo,0.0,False,Loaned to Valencia CF,2024-08-31T06:33:47.934620Z,,,0.0,Barrenechea,,u,0,Barrenechea,664,298,658,298,654,296,664,298,,,,,,,,,,,3,2,,,,,,231.0,,
,,,,,,,,,,,,,31,0,0,24,0,19.2,0,0,2.9,7.0,37,0,0,0,0,0,3.0,1,0,0.09,0.02,0.11,1.11,2024-07-17T10:20:02.519184Z,,,195546,156,0,,,0,Emiliano,0.5,False,,,,,0.9,Buendía Stati,,a,6,Buendia,430,205,328,185,379,203,412,199,,,,,,,,,,,3,2,,,,,,184.0,,
,,,,,,,,,,,,,32,0,0,82,1,38.7,8,1,20.6,135.4,650,0,0,0,0,0,32.0,3,8,0.05,0.18,0.23,8.14,2024-07-17T10:20:02.520295Z,100.0,100.0,199796,409,0,,,0,Matty,2.0,False,,2024-11-04T00:00:07.281139Z,,,2.3,Cash,,a,21,Cash,215,83,286,83,265,81,272,88,,,,,,,,,,,2,2,,,,,,66.0,,
,,,,,,,,,,,,,33,0,0,0,0,0.0,0,0,0.0,0.0,0,0,0,0,0,0,0.0,0,0,0.00,0.00,0.00,0.00,2024-07-17T10:20:02.521310Z,0.0,0.0,151589,471,0,,,0,Leander,0.0,False,On loan to Anderlecht for the rest of the season,2024-09-02T10:45:36.198316Z,,,0.0,Dendoncker,,u,0,Dendoncker,580,237,575,241,556,233,582,239,,,,,,,,,,,3,2,,,,,,232.0,,
,,,,,,,,,,,,,34,0,0,0,0,0.0,0,0,0.0,0.0,0,0,0,0,0,0,0.0,0,0,0.00,0.00,0.00,0.00,2024-07-17T10:20:02.522291Z,0.0,0.0,243557,48,0,,,0,Moussa,0.0,False,Permanent transfer to Al Ittihad,2024-07-26T08:50:40.300928Z,,,0.0,Diaby,,u,0,Diaby,691,315,691,315,691,315,691,315,,,,,,,,,,,3,2,,,,,,233.0,,
,,,,,,,,,,,,,35,0,1,58,2,7.4,11,0,16.5,104.4,648,0,0,0,0,0,52.0,1,6,0.64,0.06,0.70,8.97,2024-07-17T10:20:02.523540Z,100.0,100.0,165659,418,0,,,7,Diego Carlos,1.8,False,,2024-09-25T21:30:06.256588Z,,,2.4,Santos Silva,,a,19,Diego Carlos,256,97,377,124,225,66,303,98,,,,,,,,,,,2,2,,,,,,74.0,,
,,,,,,,,,,,,,36,3,6,190,2,344.8,18,0,67.7,258.0,1073,0,0,0,0,0,73.0,3,13,0.54,2.30,2.84,13.78,2024-07-17T10:20:02.524450Z,,,101188,380,0,,,1,Lucas,1.2,False,,,,,2.8,Digne,,a,42,Digne,89,31,26,4,191,44,63,9,,,,,,,,,,,2,2,,,,,,22.0,,
,,,,,,,,,,,,,37,0,0,0,0,0.0,0,0,0.0,0.0,0,0,0,0,0,0,0.0,0,0,0.00,0.00,0.00,0.00,2024-07-17T10:20:02.525517Z,0.0,0.0,461421,285,0,,,0,Lewis,0.0,False,Permanent transfer to West Bromwich Albion,2024-08-07T08:21:33.016106Z,,,0.0,Dobbin,,u,0,Dobbin,673,304,669,304,666,302,673,304,,,,,,,,,,,3,2,,,,,,234.0,,
,,,,,,,,,,,,,38,0,8,172,0,60.1,10,5,51.4,206.6,405,0,0,0,0,0,246.0,2,1,4.00,0.21,4.21,7.19,2024-07-17T10:20:02.526568Z,,,476344,89,0,,,8,Jhon,2.5,False,,,,,2.7,Durán,,a,41,Duran,138,17,237,29,48,19,113,20,,,,,,,,,,,4,2,,,,,,20.0,,
,,,,,,,,,,,,,39,0,0,0,0,0.0,0,0,0.0,0.0,0,0,0,0,0,0,0.0,0,0,0.00,0.00,0.00,0.00,2024-07-17T10:20:02.527623Z,,,462492,616,0,,,0,Joe,0.0,False,,,,,0.0,Gauci,,a,0,Gauci,510,57,490,36,454,26,512,57,,,,,,,,,,,1,2,,,,,,36.0,,
,,,,,,,,,,,,,40,0,0,0,0,0.0,0,0,0.0,0.0,0,0,0,0,0,0,0.0,0,0,0.00,0.00,0.00,0.00,2024-07-17T10:20:02.528632Z,,,123354,617,0,,,0,Kortney,0.0,False,,,,,0.0,Hause,,a,0,Hause,483,167,461,165,424,149,485,167,,,,,,,,,,,2,2,,,,,,162.0,,
,,,,,,,,,,,,,41,0,0,0,0,0.0,0,0,0.0,0.0,0,0,0,0,0,0,0.0,0,0,0.00,0.00,0.00,0.00,2024-07-17T10:20:02.529414Z,0.0,0.0,469247,157,0,,,0,Samuel,0.0,False,Season long loan to Bologna,2024-08-29T11:07:04.555253Z,,,0.0,Iling-Junior,,u,0,Iling Jr,684,311,683,311,681,309,684,311,,,,,,,,,,,3,2,,,,,,235.0,,
,,,,,,,,,,,,,42,0,0,44,1,20.3,6,0,6.1,37.6,253,0,0,0,0,0,2.0,1,3,0.00,0.06,0.06,2.95,2024-07-17T10:20:02.530108Z,100.0,100.0,226944,262,0,,,3,Boubacar,1.8,False,,2024-11-11T16:00:06.089849Z,,,1.5,Kamara,,a,9,Kamara,359,166,327,184,399,213,380,185,,,,,,,,,,,3,2,,,,,,166.0,,
,,,,,,,,,,,,,43,0,0,0,0,0.0,0,0,0.0,0.0,0,0,0,0,0,0,0.0,0,0,0.00,0.00,0.00,0.00,2024-07-17T10:20:02.531100Z,0.0,0.0,465390,610,0,,,0,Kaine,0.0,False,Has joined Preston North End for the rest of the season,2024-08-09T11:14:21.895838Z,,,0.0,Kesler-Hayden,,u,0,Kesler-Hayden,513,181,493,179,457,164,515,181,,,,,,,,,,,2,2,,,,,,163.0,,
2024-08-13T20:01:14.602229Z,44,228518.0,Boom Boom Eagle FC,3320927.0,92.0,48142.0,2.0,Sam,Thorpe,11.0,,False,44,0,3,151,1,59.7,20,1,32.8,208.8,1091,0,0,0,0,0,59.0,0,13,0.35,0.35,0.70,14.26,2024-07-17T10:20:02.532067Z,100.0,100.0,199798,378,0,,,8,Ezri,2.8,False,,2024-11-21T08:30:08.587167Z,,,2.4,Konsa Ngoyo,,a,31,Konsa,135,54,238,62,214,58,203,61,,,,,,,,,,,2,2,25.0,92.0,25.0,0.0,21.0,47.0,-22.0,24.0
2024-08-13T20:02:05.673321Z,45,283372.0,CripplingHannover96,3320929.0,94.0,48142.0,4.0,Ryan,McIntyre,11.0,,False,45,0,0,41,0,129.5,5,0,24.9,65.0,281,0,0,0,0,0,54.0,1,2,0.08,0.87,0.95,4.01,2024-07-17T10:20:02.533159Z,100.0,100.0,441302,294,0,,,1,Ian,0.5,False,,2024-11-14T10:00:07.838636Z,,,0.9,Maatsen,,a,11,Maatsen,316,109,142,28,221,64,251,81,,,,,,,,,,,2,2,39.0,94.0,27.0,-12.0,36.0,103.0,-76.0,38.0
,,,,,,,,,,,,,46,0,0,0,0,0.0,0,0,0.0,0.0,0,0,0,0,0,0,0.0,0,0,0.00,0.00,0.00,0.00,2024-07-17T10:20:02.534096Z,0.0,0.0,462381,618,0,,,0,Filip,0.0,False,Has joined MK Dons for the rest of the season,2024-07-18T09:50:40.812599Z,,,0.0,Marschall,,u,0,Marschall,509,56,489,35,453,25,511,56,,,,,,,,,,,1,2,,,,,,37.0,,
2024-08-13T19:50:42.170731Z,47,324701.0,Eleven Hags,3320897.0,62.0,48142.0,8.0,Liam,Thaker,7.0,,False,47,0,2,163,2,0.0,22,0,31.6,315.8,1305,0,0,1,0,34,0.0,1,15,0.00,0.01,0.01,16.88,2024-07-17T10:20:02.536096Z,100.0,100.0,98980,196,0,,,6,Emiliano,2.8,False,,2024-12-02T00:00:07.797146Z,,,2.9,Martínez Romero,,a,43,Martinez,45,13,662,69,659,67,209,13,,,,,,,,,,,1,2,9.0,62.0,5.0,-4.0,14.0,10.0,-5.0,11.0
,,,,,,,,,,,,,48,1,0,113,3,191.6,15,0,39.3,66.8,886,0,0,0,0,0,133.0,2,11,1.82,1.25,3.07,11.21,2024-07-17T10:20:02.537309Z,100.0,100.0,122806,109,0,,,3,John,3.0,False,,2024-09-21T20:30:05.276348Z,,,2.1,McGinn,,a,27,McGinn,312,147,83,65,113,73,169,96,,,,,,,,,,,3,2,,,,,,93.0,,
,,,,,,,,,,,,,49,0,0,13,0,0.7,1,0,3.3,20.6,90,0,0,0,0,0,12.0,0,1,0.16,0.01,0.17,1.03,2024-07-17T10:20:02.538120Z,100.0,100.0,149484,514,0,,,0,Tyrone,0.5,False,,2024-08-05T15:00:04.309727Z,,,2.0,Mings,,a,2,Mings,394,137,425,153,324,107,406,139,,,,,,,,,,,2,2,,,,,,136.0,,
,,,,,,,,,,,,,50,0,0,13,0,6.3,2,0,2.9,22.2,93,0,0,0,0,0,0.0,0,0,0.00,0.02,0.02,1.84,2024-07-17T10:20:02.539452Z,,,578545,619,0,,,0,Kosta,0.0,False,,,,,1.0,Nedeljković,,a,3,Nedeljkovic,387,135,384,128,485,187,409,141,,,,,,,,,,,2,2,,,,,,129.0,,
,,,,,,,,,,,,,51,0,0,3,0,0.0,1,0,1.8,17.6,45,0,0,0,0,2,0.0,0,0,0.00,0.00,0.00,0.79,2024-07-17T10:20:02.540416Z,100.0,100.0,111782,473,0,,,0,Robin,0.2,False,,2024-10-18T16:30:05.894923Z,,,1.0,Olsen,,a,1,Olsen,400,33,574,62,554,55,434,33,,,,,,,,,,,1,2,,,,,,33.0,,
2024-08-13T20:01:09.449220Z,52,184679.0,Kernowfornia United,3320926.0,91.0,48142.0,1.0,Scott,Renfree-Tuck,11.0,,False,52,0,0,138,2,47.5,22,0,29.3,193.0,1260,0,0,0,0,0,52.0,1,14,0.28,0.31,0.59,16.64,2024-07-17T10:20:02.541200Z,100.0,100.0,244954,381,0,,,6,Pau,2.0,False,,2024-11-13T15:00:07.856081Z,,,1.9,Torres,,a,27,Pau,153,60,266,71,224,65,223,69,,,,,,,,,,,2,2,28.0,91.0,24.0,-4.0,29.0,57.0,-33.0,27.0
,,,,,,,,,,,,,53,2,0,118,0,122.1,14,0,33.7,99.4,632,0,0,0,0,0,113.0,1,7,0.69,1.17,1.86,9.42,2024-07-17T10:20:02.542101Z,0.0,0.0,232653,148,0,,,0,Jacob,0.0,False,Hamstring injury - Expected back 21 Dec,2024-11-10T23:00:07.265497Z,,,2.2,Ramsey,,i,22,Ramsey,265,118,153,102,131,85,199,104,,,,,,,,,,,3,2,,,,,,112.0,,
2024-08-13T19:49:19.213841Z,54,283372.0,CripplingHannover96,3320893.0,58.0,48142.0,4.0,Ryan,McIntyre,7.0,,False,54,2,6,195,2,316.0,17,4,86.6,277.2,1221,0,0,0,0,0,271.0,4,15,3.09,2.41,5.50,14.45,2024-07-17T10:20:02.543191Z,100.0,100.0,244850,268,0,,,2,Morgan,3.5,False,,2024-11-04T00:00:07.298201Z,,,3.9,Rogers,,a,59,Rogers,74,25,32,27,42,26,32,22,,,,,,,,,,,3,2,12.0,58.0,23.0,11.0,10.0,18.0,5.0,7.0
,,,,,,,,,,,,,55,0,0,0,0,0.0,0,0,0.0,0.0,0,0,0,0,0,0,0.0,0,0,0.00,0.00,0.00,0.00,2024-07-17T10:20:02.544213Z,0.0,0.0,248164,620,0,,,0,Viljami,0.0,False,Permanent transfer to Celtic,2024-07-18T09:43:21.242291Z,,,0.0,Sinisalo,,u,0,Sinisalo,500,51,479,29,443,19,502,51,,,,,,,,,,,1,2,,,,,,38.0,,
,,,,,,,,,,,,,56,0,0,0,0,0.0,0,0,0.0,0.0,0,0,0,0,0,0,0.0,0,0,0.00,0.00,0.00,0.00,2024-07-17T10:20:02.545284Z,0.0,0.0,514315,621,0,,,0,Lino,0.0,False,Loaned to  Bristol Rovers,2024-08-16T11:50:34.812830Z,,,0.0,da Cruz Sousa,,u,0,Sousa,525,189,505,187,470,173,527,189,,,,,,,,,,,2,2,,,,,,164.0,,
,,,,,,,,,,,,,57,4,5,291,1,563.0,22,0,96.9,327.0,1301,0,1,0,0,0,79.0,3,15,1.35,3.33,4.68,17.37,2024-07-17T10:20:02.546182Z,,,166989,136,0,,,1,Youri,2.0,False,,,,,2.8,Tielemans,,a,42,Tielemans,38,11,2,2,178,109,22,18,,,,,,,,,,,3,2,,,,,,43.0,,
2024-08-13T19:30:42.068790Z,58,283372.0,CripplingHannover96,3320839.0,4.0,48142.0,4.0,Ryan,McIntyre,1.0,,False,58,3,11,269,4,159.4,18,7,105.0,324.4,1109,0,0,0,0,0,578.0,0,14,8.42,1.07,9.49,13.22,2024-07-17T10:20:02.546947Z,100.0,100.0,178301,8,0,,,1,Ollie,5.5,False,,2024-09-04T10:00:05.026467Z,,,5.1,Watkins,,a,77,Watkins,42,6,113,10,3,2,15,4,,,,,,,,,,,4,2,5.0,4.0,3.0,-2.0,15.0,5.0,-2.0,12.0
,,,,,,,,,,,,,59,0,0,5,0,1.3,0,0,0.3,1.4,15,0,0,0,0,0,0.0,0,0,0.00,0.01,0.01,0.03,2024-07-17T10:20:02.547653Z,,,232980,464,0,,,0,Max,0.2,False,,,,,1.0,Aarons,,a,1,Aarons,461,160,417,149,517,204,463,160,,,,,,,,,,,2,3,,,,,,145.0,,
,,,,,,,,,,,,,60,0,0,52,1,50.8,8,0,17.3,86.0,343,0,0,0,0,0,35.0,2,4,0.75,0.08,0.83,3.87,2024-07-17T10:20:02.548597Z,100.0,100.0,200785,299,0,,,0,Tyler,1.5,False,,2024-07-21T20:00:04.554690Z,,,1.5,Adams,,a,9,Adams,285,130,262,163,261,145,297,148,,,,,,,,,,,3,3,,,,,,167.0,,
,,,,,,,,,,,,,61,0,0,0,0,0.0,0,0,0.0,0.0,0,0,0,0,0,0,0.0,0,0,0.00,0.00,0.00,0.00,2024-07-17T10:20:02.549737Z,0.0,0.0,444180,498,0,,,0,Jaidon,0.0,False,Season long loan to Burnley,2024-08-30T09:46:29.420148Z,,,0.0,Anthony,,u,0,Anthony,591,243,586,247,568,240,593,245,,,,,,,,,,,3,3,,,,,,236.0,,
,,,,,,,,,,,,,62,1,1,59,0,61.2,2,1,16.9,60.4,143,0,0,0,0,0,47.0,1,1,0.47,0.67,1.14,2.00,2024-07-17T10:20:02.551167Z,100.0,100.0,111317,280,0,,,3,David,3.2,False,,2024-08-12T14:30:04.440536Z,,,2.1,Brooks,,a,17,Brooks,326,154,233,145,236,130,300,150,,,,,,,,,,,3,3,,,,,,132.0,,
,,,,,,,,,,,,,63,0,0,173,4,194.5,14,1,47.4,185.6,951,0,0,0,0,0,92.0,5,12,0.58,1.20,1.78,11.77,2024-07-17T10:20:02.552245Z,100.0,100.0,158499,206,0,,,2,Ryan,1.8,False,,2024-11-09T20:00:07.258668Z,,,2.1,Christie,,a,30,Christie,160,59,80,63,156,98,133,76,,,,,,,,,,,3,3,,,,,,79.0,,
,,,,,,,,,,,,,64,3,2,227,1,320.2,18,1,68.3,291.8,1176,0,0,0,0,0,71.0,4,13,0.56,1.85,2.41,16.70,2024-07-17T10:20:02.553039Z,100.0,100.0,155408,212,0,,,2,Lewis,1.0,False,,2024-11-30T22:00:07.304760Z,,,2.9,Cook,,a,40,Cook,62,20,30,25,193,116,62,39,,,,,,,,,,,3,3,,,,,,48.0,,
,,,,,,,,,,,,,65,1,1,58,1,40.8,2,1,24.3,64.8,203,0,0,0,0,0,144.0,1,1,2.10,0.14,2.24,4.00,2024-07-17T10:20:02.553799Z,100.0,100.0,168636,144,0,,,6,Enes,3.0,False,,2024-08-12T14:30:04.450058Z,,,1.7,Ünal,,a,20,Enes Ünal,317,30,279,31,101,29,256,31,,,,,,,,,,,4,3,,,,,,30.0,,
,,,,,,,,,,,,,66,0,0,0,0,0.0,0,0,0.0,0.0,0,0,0,0,0,0,0.0,0,0,0.00,0.00,0.00,0.00,2024-07-17T10:20:02.554487Z,0.0,0.0,441240,300,0,,,0,Romain,0.0,False,Loaned to Brest,2024-08-20T12:15:06.505689Z,,,0.0,Faivre,,u,0,Faivre,671,303,667,303,664,301,671,303,,,,,,,,,,,3,3,,,,,,237.0,,
,,,,,,,,,,,,,67,0,0,0,0,0.0,0,0,0.0,0.0,0,0,0,0,0,0,0.0,0,0,0.00,0.00,0.00,0.00,2024-07-17T10:20:02.555219Z,0.0,0.0,424044,499,0,,,0,Hamed,0.0,False,Season long loan to A.J.Auxerre,2024-08-29T11:07:43.785266Z,,,0.0,Traorè,,u,0,H.Traorè,590,242,585,246,567,239,592,244,,,,,,,,,,,3,3,,,,,,238.0,,
,,,,,,,,,,,,,68,0,0,3,0,0.0,0,0,0.1,1.0,4,0,0,0,0,0,0.0,0,0,0.00,0.00,0.00,0.09,2024-07-17T10:20:02.556059Z,,,463981,607,0,,,1,James,0.2,False,,,,,1.0,Hill,,a,1,Hill,463,161,449,160,409,141,470,162,,,,,,,,,,,2,3,,,,,,146.0,,
,,,,,,,,,,,,,69,0,0,7,0,10.6,0,0,1.6,3.2,26,0,0,0,0,0,2.0,0,0,0.00,0.00,0.00,0.34,2024-07-17T10:20:02.557122Z,0.0,0.0,523700,507,0,,,0,Daniel,0.0,False,Loaned to Watford,2024-08-31T06:32:40.630710Z,,,1.0,Jebbison,,u,2,Jebbison,449,45,359,41,392,47,438,45,,,,,,,,,,,4,3,,,,,,47.0,,
,,,,,,,,,,,,,70,2,5,195,2,237.3,20,1,58.3,267.4,1277,0,0,0,0,0,78.0,2,15,0.23,1.31,1.54,17.62,2024-07-17T10:20:02.557872Z,100.0,100.0,544877,414,0,,,2,Milos,4.5,False,,2024-11-21T08:30:08.632085Z,,,3.2,Kerkez,,a,48,Kerkez,79,27,56,10,180,38,89,15,,,,,,,,,,,2,3,,,,,,14.0,,
,,,,,,,,,,,,,71,2,5,210,5,249.7,14,5,90.9,287.6,897,0,0,0,0,0,371.0,4,12,5.13,1.06,6.19,11.32,2024-07-17T10:20:02.558825Z,,,222683,121,0,,,2,Justin,6.8,False,,,,,4.1,Kluivert,,a,62,Kluivert,66,21,50,41,21,10,26,20,,,,,,,,,,,3,3,,,,,,14.0,,
,,,,,,,,,,,,,72,0,0,0,0,0.0,0,0,0.0,0.0,0,0,0,0,0,0,0.0,0,0,0.00,0.00,0.00,0.00,2024-07-17T10:20:02.559663Z,0.0,0.0,223911,475,0,,,0,Chris,0.0,False,On loan to Sunderland for the season,2024-09-01T09:10:00.945219Z,,,0.0,Mepham,,u,0,Mepham,564,220,554,219,531,214,566,220,,,,,,,,,,,2,3,,,,,,165.0,,
2024-08-13T20:11:51.490085Z,73,283372.0,CripplingHannover96,3320958.0,123.0,48142.0,6.0,Ryan,McIntyre,14.0,,False,73,0,0,30,0,0.0,2,0,7.8,77.8,180,0,0,0,0,11,0.0,0,2,0.00,0.00,0.00,2.91,2024-07-17T10:20:02.560307Z,100.0,100.0,69752,369,0,,,0,Norberto,0.0,False,,2024-10-05T17:30:06.760449Z,,,3.5,Murara Neto,,a,7,Neto,291,28,529,46,499,37,356,28,,,,,,,,,,,1,1,17.0,123.0,12.0,-5.0,15.0,30.0,-18.0,17.0
,,,,,,,,,,,,,74,2,4,143,1,135.7,5,2,48.7,180.2,516,0,0,0,0,0,172.0,0,4,2.99,1.15,4.14,6.63,2024-07-17T10:20:02.561061Z,100.0,100.0,533463,240,0,,,12,Dango,3.8,False,,2024-11-01T16:30:07.369192Z,,,3.1,Ouattara,,a,37,O.Dango,167,63,133,94,83,50,127,72,,,,,,,,,,,3,3,,,,,,53.0,,
,,,,,,,,,,,,,75,0,0,0,0,0.0,0,0,0.0,0.0,0,0,0,0,0,0,0.0,0,0,0.00,0.00,0.00,0.00,2024-07-17T10:20:02.562472Z,0.0,0.0,495145,622,0,,,0,Alex,0.0,False,Loaned to Auckland FC,2024-08-10T12:14:13.050842Z,,,0.0,Paulsen,,u,0,Paulsen,517,62,497,41,461,31,519,62,,,,,,,,,,,1,3,,,,,,39.0,,
,,,,,,,,,,,,,76,0,0,27,0,47.8,1,0,8.6,29.6,55,0,0,0,0,0,9.0,0,0,0.02,0.87,0.89,0.83,2024-07-17T10:20:02.563420Z,100.0,100.0,168991,234,0,,,1,Philip,0.8,False,,2024-08-29T09:30:04.570455Z,,,1.0,Billing,,a,5,Philip,371,173,265,165,345,186,350,175,,,,,,,,,,,3,3,,,,,,191.0,,
,,,,,,,,,,,,,77,0,0,54,1,65.5,3,0,15.8,71.0,258,0,0,0,0,0,21.0,0,2,0.12,0.17,0.29,3.67,2024-07-17T10:20:02.564244Z,0.0,0.0,503139,261,0,,,0,Alex,0.0,False,Knee injury - Unknown return date,2024-10-25T09:00:05.962917Z,,,1.4,Scott,,i,11,Scott,304,140,224,140,296,162,308,153,,,,,,,,,,,3,3,,,,,,154.0,,
2024-08-13T19:54:25.752761Z,78,289293.0,*Stratford Sardines*,3320905.0,70.0,48142.0,7.0,Flat,7,8.0,,False,78,1,4,213,2,275.6,18,4,103.1,282.2,1231,0,0,0,0,0,480.0,5,14,4.16,2.24,6.40,17.04,2024-07-17T10:20:02.565078Z,100.0,100.0,437730,116,0,,,2,Antoine,1.5,False,,2024-11-13T14:00:07.717891Z,,,3.7,Semenyo,,a,52,Semenyo,69,23,43,34,9,6,16,12,,,,,,,,,,,3,3,16.0,70.0,30.0,14.0,8.0,26.0,4.0,8.0
,,,,,,,,,,,,,79,0,3,82,1,78.7,15,0,33.1,221.0,917,0,0,0,0,0,29.0,4,11,0.81,0.44,1.25,12.04,2024-07-17T10:20:02.565817Z,0.0,0.0,221466,202,0,,,0,Marcos,0.5,False,Thigh injury - Unknown return date,2024-12-06T10:30:07.568268Z,,,1.9,Senesi,,i,21,Senesi,125,49,200,49,279,86,201,59,,,,,,,,,,,2,3,,,,,,67.0,,
,,,,,,,,,,,,,80,1,2,75,0,96.3,3,1,37.2,98.4,203,0,0,0,0,0,177.0,0,1,1.09,0.91,2.00,3.48,2024-07-17T10:20:02.566624Z,0.0,0.0,224995,257,0,,,0,Luis,0.0,False,Hamstring injury - Unknown return date,2024-10-25T09:00:05.974870Z,,,2.4,Sinisterra,,i,19,Sinisterra,266,119,180,117,79,48,180,99,,,,,,,,,,,3,3,,,,,,121.0,,
,,,,,,,,,,,,,81,0,0,72,2,55.6,13,0,17.3,111.4,920,0,0,0,0,0,6.0,3,10,0.60,0.09,0.69,10.46,2024-07-17T10:20:02.567456Z,,,54469,389,0,,,2,Adam,2.5,False,,,,,1.9,Smith,,a,28,Smith,248,95,248,65,361,124,296,97,,,,,,,,,,,2,3,,,,,,52.0,,
2024-08-13T19:32:48.888798Z,82,325685.0,TAA very much,3320848.0,13.0,48142.0,4.0,James,Mason,2.0,,False,82,3,3,233,2,128.6,16,5,83.6,291.4,1067,0,0,0,0,0,417.0,0,12,6.69,0.70,7.39,18.82,2024-07-17T10:20:02.568231Z,100.0,100.0,154566,15,0,,,6,Dominic,3.0,False,,2024-12-02T00:00:07.868049Z,,,4.7,Solanke-Mitchell,,a,56,Solanke,63,10,144,16,13,6,35,9,,,,,,,,,,,4,18,11.0,13.0,4.0,-7.0,21.0,15.0,-11.0,18.0
,,,,,,,,,,,,,83,4,2,187,3,433.6,16,1,97.1,263.2,1138,0,0,0,0,0,275.0,2,13,4.09,2.13,6.22,14.02,2024-07-17T10:20:02.569367Z,,,201658,130,0,,,2,Marcus,3.8,False,,,,,3.2,Tavernier,,a,48,Tavernier,82,28,11,10,40,25,21,17,,,,,,,,,,,3,3,,,,,,33.0,,
,,,,,,,,,,,,,84,0,1,38,0,0.0,3,0,9.4,94.6,270,0,0,0,0,12,0.0,0,3,0.00,0.01,0.01,4.15,2024-07-17T10:20:02.570281Z,,,229600,472,0,,,0,Mark,0.0,False,,,,,3.3,Travers,,a,10,Travers,274,27,556,59,533,51,346,27,,,,,,,,,,,1,3,,,,,,24.0,,
,,,,,,,,,,,,,85,0,2,165,2,62.2,20,0,34.1,262.4,1350,0,0,0,0,0,14.0,2,15,0.30,0.15,0.45,17.94,2024-07-17T10:20:02.571245Z,,,477580,383,0,,,4,Illia,2.8,False,,,,,2.2,Zabarnyi,,a,33,Zabarnyi,84,30,230,60,320,105,196,56,,,,,,,,,,,2,3,,,,,,40.0,,
,,,,,,,,,,,,,86,0,0,23,0,40.6,12,0,15.9,71.8,637,0,0,0,0,0,47.0,3,8,0.28,0.10,0.38,11.94,2024-07-17T10:20:02.572238Z,100.0,50.0,191866,402,0,,,0,Kristoffer,0.0,False,,2024-10-26T20:00:07.058865Z,,,0.9,Ajer,,a,7,Ajer,301,106,281,81,234,70,307,100,,,,,,,,,,,2,4,,,,,,121.0,,
,,,,,,,,,,,,,87,0,0,0,0,0.0,0,0,0.0,0.0,0,0,0,0,0,0,0.0,0,0,0.00,0.00,0.00,0.00,2024-07-17T10:20:02.573424Z,100.0,100.0,494041,515,0,,,0,Ethan,0.0,False,,2024-09-10T11:15:13.439596Z,,,0.0,Brierley,,a,0,Brierley,610,257,606,261,590,254,612,259,,,,,,,,,,,3,4,,,,,,239.0,,
,,,,,,,,,,,,,88,4,1,192,1,63.1,28,2,74.3,482.6,1350,0,0,0,0,0,197.0,2,15,1.90,0.81,2.71,25.90,2024-07-17T10:20:02.574126Z,,,432830,384,0,,,7,Nathan,4.5,False,,,,,3.1,Collins,,a,47,Collins,8,1,228,59,65,4,45,4,,,,,,,,,,,2,4,,,,,,17.0,,
,,,,,,,,,,,,,89,4,6,268,3,346.1,18,2,85.1,337.8,1036,0,0,0,0,0,166.0,0,12,1.37,2.51,3.88,19.28,2024-07-17T10:20:02.574869Z,100.0,100.0,440089,250,0,,,1,Mikkel,4.5,False,,2024-10-12T11:00:07.165630Z,,,3.9,Damsgaard,,a,58,Damsgaard,33,9,24,20,89,56,33,23,,,,,,,,,,,3,4,,,,,,19.0,,
,,,,,,,,,,,,,90,0,0,0,0,0.0,0,0,0.0,0.0,0,0,0,0,0,0,0.0,0,0,0.00,0.00,0.00,0.00,2024-07-17T10:20:02.575704Z,0.0,0.0,183656,301,0,,,0,Josh,0.0,False,Knee injury - Unknown return date,2024-08-12T14:30:04.460316Z,,,0.0,Dasilva,,i,0,Dasilva,653,291,646,292,636,288,653,291,,,,,,,,,,,3,4,,,,,,240.0,,
2024-08-13T20:14:20.919746Z,91,317751.0,Some Solanke-Panky?,3320966.0,131.0,48142.0,5.0,Alex,Turnbull,15.0,,False,91,1,2,233,1,10.1,28,0,60.2,594.6,1350,0,0,0,0,71,0.0,1,15,0.00,0.06,0.06,25.90,2024-07-17T10:20:02.576807Z,,,118342,367,0,,,3,Mark,4.2,False,,,,,3.1,Flekken,,a,46,Flekken,3,1,363,4,555,56,82,1,,,,,,,,,,,1,4,7.0,131.0,15.0,8.0,1.0,8.0,7.0,1.0
,,,,,,,,,,,,,92,0,0,0,0,0.0,0,0,0.0,0.0,0,0,0,0,0,0,0.0,0,0,0.00,0.00,0.00,0.00,2024-07-17T10:20:02.578032Z,0.0,0.0,194010,480,0,,,0,Rico,0.0,False,Lack of match fitness - Unknown return date,2024-08-12T14:30:04.471299Z,,,0.0,Henry,,i,0,Henry,555,214,543,213,515,203,557,214,,,,,,,,,,,2,4,,,,,,166.0,,
,,,,,,,,,,,,,93,0,0,0,0,0.0,0,0,0.0,0.0,0,0,0,0,0,0,0.0,0,0,0.00,0.00,0.00,0.00,2024-07-17T10:20:02.579465Z,0.0,0.0,472713,474,0,,,0,Aaron,0.0,False,Hamstring injury - Unknown return date,2024-08-12T14:30:04.480785Z,,,0.0,Hickey,,i,0,Hickey,559,216,548,215,522,207,561,216,,,,,,,,,,,2,4,,,,,,167.0,,
,,,,,,,,,,,,,94,3,2,237,2,173.3,23,1,47.8,230.8,1127,0,0,0,0,0,74.0,1,13,0.50,1.11,1.61,20.74,2024-07-17T10:20:02.580436Z,75.0,,204580,205,0,,,0,Vitaly,1.5,False,Knock - 75% chance of playing,2024-12-10T00:00:07.895374Z,,,3.1,Janelt,,d,44,Janelt,116,40,95,71,188,113,131,74,,,,,,,,,,,3,4,,,,,,39.0,,
,,,,,,,,,,,,,95,1,1,76,1,119.5,9,0,20.4,62.0,477,0,0,0,0,0,21.0,1,6,0.21,0.59,0.80,9.06,2024-07-17T10:20:02.581573Z,50.0,0.0,207283,124,0,,,0,Mathias,1.0,False,Hamstring injury - 50% chance of playing,2024-11-30T22:00:07.383631Z,,,2.1,Jensen,,d,17,Jensen,321,152,157,103,301,166,276,140,,,,,,,,,,,3,4,,,,,,133.0,,
,,,,,,,,,,,,,96,0,0,0,0,0.0,0,0,0.0,0.0,0,0,0,0,0,0,0.0,0,0,0.00,0.00,0.00,0.00,2024-07-17T10:20:02.582857Z,,,570241,623,0,,,0,Kim,0.0,False,,,,,0.0,Ji-soo,,a,0,Ji-soo,475,165,453,163,414,145,477,165,,,,,,,,,,,2,4,,,,,,168.0,,
,,,,,,,,,,,,,97,0,0,7,0,1.6,2,0,0.4,1.4,18,0,0,0,0,0,3.0,0,0,0.15,0.00,0.15,1.22,2024-07-17T10:20:02.583779Z,,,628204,516,0,,,0,Yunus Emre,0.0,False,,,,,1.0,Konak,,a,4,Konak,462,222,415,213,377,201,460,220,,,,,,,,,,,3,4,,,,,,198.0,,
,,,,,,,,,,,,,98,3,0,161,2,169.3,23,0,52.0,173.8,1112,0,0,0,0,0,177.0,3,13,0.90,1.85,2.75,22.22,2024-07-17T10:20:02.585045Z,,,249231,220,0,,,1,Keane,1.8,False,,,,,2.4,Lewis-Potter,,a,36,Lewis-Potter,176,67,100,75,80,49,110,65,,,,,,,,,,,3,4,,,,,,62.0,,
2024-08-13T19:40:39.223133Z,99,184679.0,Kernowfornia United,3320872.0,37.0,48142.0,1.0,Scott,Renfree-Tuck,5.0,,False,99,2,15,372,2,425.1,26,9,122.0,501.4,1345,0,0,0,0,0,292.0,2,15,4.26,3.44,7.70,24.99,2024-07-17T10:20:02.585985Z,100.0,100.0,446008,28,0,,,13,Bryan,5.0,True,,2024-11-13T15:00:08.005055Z,,,6.4,Mbeumo,,a,96,Mbeumo,5,3,13,12,37,22,6,5,,,,,,,,,,,3,4,4.0,37.0,19.0,15.0,7.0,4.0,15.0,3.0
,,,,,,,,,,,,,100,0,0,4,0,0.2,2,0,1.0,9.4,7,0,0,0,0,0,0.0,0,0,0.00,0.00,0.00,0.69,2024-07-17T10:20:02.586961Z,,,51927,447,0,,,1,Ben,0.2,False,,,,,0.7,Mee,,a,2,Mee,423,149,439,157,497,197,444,153,,,,,,,,,,,2,4,,,,,,137.0,,
,,,,,,,,,,,,,101,2,0,195,0,129.7,19,1,46.5,241.4,974,0,0,0,1,0,93.0,2,12,1.29,0.25,1.54,16.98,2024-07-17T10:20:02.588075Z,100.0,75.0,128295,218,0,,,5,Christian,1.2,False,,2024-12-05T01:00:07.750977Z,,,2.4,Nørgaard,,a,29,Nørgaard,104,35,141,99,155,97,135,78,,,,,,,,,,,3,4,,,,,,82.0,,
,,,,,,,,,,,,,102,0,0,3,0,0.5,0,0,0.0,0.0,23,0,0,0,0,0,0.0,0,0,0.00,0.02,0.02,0.69,2024-07-17T10:20:02.589263Z,0.0,0.0,428580,263,0,,,0,Frank,0.0,False,Loaned to FC Augsburg,2024-08-31T06:32:02.183747Z,,,1.0,Onyeka,,u,2,Onyeka,661,296,428,220,650,293,661,296,,,,,,,,,,,3,4,,,,,,203.0,,
,,,,,,,,,,,,,103,0,0,0,0,0.0,0,0,0.0,0.0,0,0,0,0,0,0,0.0,0,0,0.00,0.00,0.00,0.00,2024-07-17T10:20:02.590169Z,0.0,0.0,450539,500,0,,,0,Myles,0.0,False,Loaned to Swansea City,2024-08-31T06:31:19.312069Z,,,0.0,Peart-Harris,,u,0,Peart-Harris,593,245,588,249,570,242,595,247,,,,,,,,,,,3,4,,,,,,241.0,,
,,,,,,,,,,,,,104,0,0,151,1,97.4,28,2,69.2,412.4,1350,1,0,0,0,0,181.0,2,15,0.87,0.61,1.48,25.90,2024-07-17T10:20:02.590874Z,100.0,100.0,231065,390,0,,,1,Ethan,2.2,False,,2024-11-21T08:30:08.718188Z,,,2.1,Pinnock,,a,32,Pinnock,12,3,177,41,76,5,56,8,,,,,,,,,,,2,4,,,,,,43.0,,
,,,,,,,,,,,,,105,1,0,37,0,91.8,11,0,19.2,88.0,461,0,0,0,0,0,11.0,1,4,0.01,0.57,0.58,9.40,2024-07-17T10:20:02.591800Z,,,226956,394,0,,,0,Mads,0.5,False,,,,,1.3,Roerslev Rasmussen,,a,14,Roerslev,282,101,187,45,332,111,284,91,,,,,,,,,,,2,4,,,,,,92.0,,
,,,,,,,,,,,,,106,3,3,169,1,53.3,14,4,53.9,220.4,655,0,0,0,0,0,270.0,1,7,3.42,0.43,3.85,11.11,2024-07-17T10:20:02.592641Z,,,513418,147,0,,,6,Kevin,8.8,False,,,,,3.5,Schade,,a,53,Schade,128,44,253,157,43,27,101,61,,,,,,,,,,,3,4,,,,,,25.0,,
,,,,,,,,,,,,,107,0,0,20,0,27.9,2,0,4.2,10.8,129,0,0,0,0,0,6.0,0,1,0.10,0.02,0.12,2.52,2024-07-17T10:20:02.593670Z,100.0,100.0,502500,92,0,,,2,Igor Thiago,1.2,False,,2024-08-05T15:00:04.331164Z,,,1.2,Nascimento Rodrigues,,a,5,Thiago,415,40,306,34,368,45,399,42,,,,,,,,,,,4,4,,,,,,41.0,,
2024-08-13T19:35:26.555595Z,108,289293.0,*Stratford Sardines*,3320856.0,21.0,48142.0,3.0,Flat,7,3.0,,False,108,0,0,0,0,0.0,0,0,0.0,0.0,0,0,0,0,0,0,0.0,0,0,0.00,0.00,0.00,0.00,2024-07-17T10:20:02.595022Z,0.0,0.0,144485,23,0,,,0,Ivan,0.0,False,Transferred to Al-Ahli,2024-08-31T06:41:10.704245Z,,,0.0,Toney,,u,0,Toney,693,75,693,75,693,75,693,75,,,,,,,,,,,4,4,27.0,21.0,7.0,-20.0,27.0,52.0,-45.0,27.0
,,,,,,,,,,,,,109,0,0,0,0,0.0,0,0,0.0,0.0,0,0,0,0,0,0,0.0,0,0,0.00,0.00,0.00,0.00,2024-07-17T10:20:02.596186Z,,,507433,624,0,,,0,Hákon,0.0,False,,,,,0.0,Valdimarsson,,a,0,Valdimarsson,522,63,502,42,467,32,524,63,,,,,,,,,,,1,4,,,,,,40.0,,
2024-08-13T19:46:41.426235Z,110,283372.0,CripplingHannover96,3320886.0,51.0,48142.0,6.0,Ryan,McIntyre,6.0,,False,110,2,14,306,2,123.0,17,8,79.5,325.2,882,0,0,0,0,0,349.0,1,11,6.28,0.43,6.71,15.08,2024-07-17T10:20:02.597267Z,100.0,100.0,216646,75,0,,,7,Yoane,4.8,False,,2024-11-13T14:30:07.614563Z,,,6.1,Wissa,,a,73,Wissa,41,5,152,19,25,13,39,11,,,,,,,,,,,4,4,6.0,51.0,15.0,9.0,5.0,6.0,9.0,5.0
,,,,,,,,,,,,,111,0,0,79,0,69.2,9,0,18.4,84.0,315,0,0,0,0,0,31.0,1,3,0.39,0.27,0.66,7.80,2024-07-17T10:20:02.598613Z,,,508395,458,0,,,2,Yehor,1.5,False,,,,,1.2,Yarmoliuk,,a,13,Yarmoliuk,287,132,214,134,269,147,290,146,,,,,,,,,,,3,4,,,,,,148.0,,
,,,,,,,,,,,,,112,0,0,0,0,0.0,0,0,0.0,0.0,0,0,0,0,0,0,0.0,0,0,0.00,0.00,0.00,0.00,2024-07-17T10:20:02.599638Z,0.0,0.0,48760,462,0,,,0,Mathias,0.0,False,Joined Anderlecht,2024-08-16T11:51:35.999618Z,,,0.0,Jorgensen,,u,0,Zanka,576,221,570,221,549,216,578,221,,,,,,,,,,,2,4,,,,,,169.0,,
,,,,,,,,,,,,,113,1,0,67,0,51.0,5,1,23.0,79.8,324,0,0,0,0,0,99.0,0,3,0.58,0.98,1.56,4.91,2024-07-17T10:20:02.600772Z,100.0,100.0,535818,125,0,,,0,Simon,1.0,False,,2024-09-29T22:30:06.392264Z,,,2.1,Adingra,,a,21,Adingra,288,133,260,161,143,91,261,128,,,,,,,,,,,3,5,,,,,,118.0,,
,,,,,,,,,,,,,114,0,0,0,0,0.0,0,0,0.0,0.0,0,0,0,0,0,0,0.0,0,0,0.00,0.00,0.00,0.00,2024-07-17T10:20:02.602248Z,0.0,0.0,475480,496,0,,,0,Benicio,0.0,False,Loaned to Port Vale,2024-08-10T12:17:28.055765Z,,,0.0,Baker-Boaitey,,u,0,Baker-Boaitey,602,252,597,256,580,249,604,254,,,,,,,,,,,3,5,,,,,,242.0,,
,,,,,,,,,,,,,115,1,4,172,3,124.0,12,2,41.2,199.4,808,0,0,0,1,0,88.0,2,10,1.01,0.26,1.27,13.09,2024-07-17T10:20:02.603637Z,100.0,100.0,535301,269,0,,,0,Carlos,1.8,False,,2024-11-23T17:30:08.295877Z,,,2.9,Baleba,,a,35,Baleba,143,51,149,100,162,101,158,91,,,,,,,,,,,3,5,,,,,,65.0,,
,,,,,,,,,,,,,116,0,0,0,0,0.0,0,0,0.0,0.0,0,0,0,0,0,0,0.0,0,0,0.00,0.00,0.00,0.00,2024-07-17T10:20:02.604990Z,0.0,0.0,543158,608,0,,,0,Valentín,0.0,False,Loaned to Sevilla,2024-08-23T23:00:06.122778Z,,,0.0,Barco,,u,0,Barco,532,195,512,193,477,179,534,195,,,,,,,,,,,2,5,,,,,,170.0,,
,,,,,,,,,,,,,117,2,4,209,2,296.1,18,4,82.2,302.0,882,0,0,0,0,0,224.0,5,10,3.16,1.48,4.64,18.56,2024-07-17T10:20:02.606450Z,100.0,0.0,536916,237,0,,,0,Facundo,2.4,False,,2024-12-05T00:30:07.817700Z,,,4.1,Buonanotte,,a,49,Buonanotte,54,17,37,30,55,34,36,24,,,,,,,,,,,3,11,,,,,,30.0,,
,,,,,,,,,,,,,118,0,0,0,0,0.0,0,0,0.0,0.0,0,0,0,0,0,0,0.0,0,0,0.00,0.00,0.00,0.00,2024-07-17T10:20:02.607256Z,0.0,0.0,519324,517,0,,,0,Amario,0.0,False,Loaned to Blackburn Rovers,2024-08-31T06:29:40.845798Z,,,0.0,Cozier-Duberry,,u,0,Cozier-Duberry,619,266,615,270,599,263,621,268,,,,,,,,,,,3,5,,,,,,243.0,,
,,,,,,,,,,,,,119,0,0,0,0,0.0,0,0,0.0,0.0,0,0,0,0,0,0,0.0,0,0,0.00,0.00,0.00,0.00,2024-07-17T10:20:02.608258Z,0.0,0.0,168090,290,0,,,0,Mahmoud,0.0,False,Transferred to Eintracht Frankfurt,2024-08-31T06:30:37.645175Z,,,0.0,Dahoud,,u,0,Dahoud,658,294,652,295,645,291,658,294,,,,,,,,,,,3,5,,,,,,244.0,,
2024-08-13T20:10:50.629314Z,120,184585.0,Easy Three Points,3320953.0,118.0,48142.0,1.0,Jonathan,Ako,14.0,,False,120,0,0,120,3,75.2,15,0,26.8,163.0,903,0,0,0,0,0,30.0,3,10,0.37,0.44,0.81,15.41,2024-07-17T10:20:02.610476Z,100.0,100.0,83299,379,0,,,1,Lewis,0.5,False,,2024-10-26T20:00:07.127533Z,,,2.2,Dunk,,a,24,Dunk,183,70,208,51,274,84,237,76,,,,,,,,,,,2,5,30.0,118.0,37.0,7.0,12.0,62.0,-25.0,25.0
,,,,,,,,,,,,,121,0,0,31,0,58.9,1,0,11.2,23.4,84,0,0,0,0,0,31.0,0,0,0.17,0.16,0.33,0.73,2024-07-17T10:20:02.611858Z,100.0,100.0,474120,152,0,,,0,Julio,0.0,False,,2024-08-12T14:30:04.495991Z,,,1.0,Enciso,,a,7,Enciso,382,179,241,150,272,149,332,165,,,,,,,,,,,3,5,,,,,,176.0,,
,,,,,,,,,,,,,122,1,3,97,0,282.0,18,0,56.1,208.6,882,0,0,0,0,0,69.0,2,9,0.42,1.14,1.56,17.16,2024-07-17T10:20:02.612861Z,100.0,100.0,204214,238,0,,,5,Pervis,3.0,False,,2024-08-15T14:30:05.811816Z,,,1.5,Estupiñán,,a,18,Estupiñan,136,55,42,8,199,49,93,17,,,,,,,,,,,2,5,,,,,,81.0,,
,,,,,,,,,,,,,123,0,2,59,1,14.5,4,1,11.3,54.6,194,0,0,0,0,0,47.0,0,2,0.39,0.18,0.57,2.78,2024-07-17T10:20:02.613858Z,100.0,100.0,487117,139,0,,,2,Evan,1.2,False,,2024-08-15T14:30:05.827079Z,,,1.7,Ferguson,,a,17,Ferguson,331,32,344,38,237,37,330,35,,,,,,,,,,,4,5,,,,,,31.0,,
,,,,,,,,,,,,,124,0,0,21,0,11.9,1,0,2.5,11.4,97,0,0,0,0,0,2.0,0,1,0.08,0.04,0.12,1.32,2024-07-17T10:20:02.614823Z,0.0,0.0,243568,232,0,,,0,Billy,0.0,False,Transferred to Napoli,2024-08-31T06:42:09.507349Z,,,1.5,Gilmour,,u,3,Gilmour,414,196,353,198,400,214,418,203,,,,,,,,,,,3,5,,,,,,201.0,,
,,,,,,,,,,,,,125,0,0,0,0,0.0,0,0,0.0,0.0,0,0,0,0,0,0,0.0,0,0,0.00,0.00,0.00,0.00,2024-07-17T10:20:02.615811Z,0.0,0.0,60307,44,0,,,0,Pascal,0.0,False,Permanent transfer to Borussia Dortmund,2024-08-02T13:11:40.837259Z,,,0.0,Groß,,u,0,Gross,689,313,689,313,689,313,689,313,,,,,,,,,,,3,5,,,,,,245.0,,
,,,,,,,,,,,,,126,0,3,129,3,111.3,13,1,30.6,117.0,839,0,0,0,0,0,76.0,2,10,0.74,0.68,1.42,16.85,2024-07-17T10:20:02.616905Z,25.0,25.0,532529,259,0,,,0,Jack,0.0,False,Knee injury - 25% chance of playing,2024-11-10T01:30:07.476316Z,,,2.8,Hinshelwood,,d,28,Hinshelwood,237,101,163,107,186,112,213,109,,,,,,,,,,,3,5,,,,,,87.0,,
,,,,,,,,,,,,,127,0,0,0,0,0.0,0,0,0.0,0.0,0,0,0,0,0,0,0.0,0,0,0.00,0.00,0.00,0.00,2024-07-17T10:20:02.617807Z,0.0,0.0,612855,304,0,,,0,Ibrahim,0.0,False,Loaned to Feyenoord,2024-08-16T11:54:28.483822Z,,,0.0,Osman,,u,0,I.Osman,680,308,677,308,673,306,680,308,,,,,,,,,,,3,5,,,,,,246.0,,
,,,,,,,,,,,,,128,0,0,91,1,37.3,13,0,19.9,156.6,745,0,0,0,0,0,4.0,3,7,0.05,0.22,0.27,12.77,2024-07-17T10:20:02.619045Z,,,223434,451,0,,,1,Igor Julio,1.5,False,,,,,1.5,dos Santos de Paulo,,a,15,Igor,193,76,288,84,374,128,279,89,,,,,,,,,,,2,5,,,,,,87.0,,
2024-08-13T19:46:38.999396Z,129,317751.0,Some Solanke-Panky?,3320885.0,50.0,48142.0,5.0,Alex,Turnbull,6.0,,False,129,3,11,214,3,129.9,5,4,59.8,238.6,588,0,0,0,0,0,231.0,1,7,2.41,1.28,3.69,6.79,2024-07-17T10:20:02.620414Z,100.0,100.0,475168,118,0,,,2,João Pedro,5.2,False,,2024-11-07T23:00:07.502402Z,,,5.7,Junqueira de Jesus,,a,51,João Pedro,107,15,139,15,51,20,84,19,,,,,,,,,,,4,5,13.0,50.0,14.0,1.0,11.0,17.0,-3.0,13.0
,,,,,,,,,,,,,130,0,0,0,0,0.0,0,0,0.0,0.0,0,0,0,0,0,0,0.0,0,0,0.00,0.00,0.00,0.00,2024-07-17T10:20:02.621554Z,0.0,0.0,484658,518,0,,,0,Kacper,0.0,False,Permanent transfer to Gaziantep FK,2024-07-22T09:03:00.342050Z,,,0.0,Kozłowski,,u,0,Kozlowski,604,253,599,257,582,250,606,255,,,,,,,,,,,3,5,,,,,,247.0,,
,,,,,,,,,,,,,131,2,1,45,0,44.2,7,1,15.1,97.4,189,0,0,0,0,0,9.0,0,2,0.02,0.18,0.20,2.83,2024-07-17T10:20:02.622803Z,100.0,100.0,232792,460,0,,,8,Tariq,3.2,False,,2024-11-13T14:00:07.816484Z,,,4.0,Lamptey,,a,16,Lamptey,270,100,275,77,343,117,312,102,,,,,,,,,,,2,5,,,,,,84.0,,
,,,,,,,,,,,,,132,0,0,0,0,0.0,0,0,0.0,0.0,0,0,0,0,0,0,0.0,0,0,0.00,0.00,0.00,0.00,2024-07-17T10:20:02.623737Z,25.0,25.0,109345,67,0,,,0,Solly,0.0,False,Lack of match fitness - 25% chance of playing,2024-07-17T13:30:04.993410Z,,,0.0,March,,d,0,March,690,314,690,314,690,314,690,314,,,,,,,,,,,3,5,,,,,,248.0,,
,,,,,,,,,,,,,133,0,0,0,0,0.0,0,0,0.0,0.0,0,0,0,0,0,0,0.0,0,0,0.00,0.00,0.00,0.00,2024-07-17T10:20:02.625287Z,0.0,0.0,550141,519,0,,,0,Adrian,0.0,False,Has joined Vitesse Arnhem on loan for the rest of the season,2024-08-29T11:08:43.963582Z,,,0.0,Mazilu,,u,0,Mazilu,631,277,627,281,611,274,633,279,,,,,,,,,,,3,5,,,,,,249.0,,
,,,,,,,,,,,,,134,0,0,24,1,66.3,1,0,10.7,28.6,169,0,0,0,0,0,12.0,1,3,0.16,0.15,0.31,1.98,2024-07-17T10:20:02.626633Z,0.0,0.0,15157,275,0,,,0,James,0.0,False,Hamstring injury - Unknown return date,2024-08-31T21:00:04.655035Z,,,1.7,Milner,,i,5,Milner,372,174,220,137,326,178,334,167,,,,,,,,,,,3,5,,,,,,192.0,,
,,,,,,,,,,,,,135,2,0,107,1,158.2,8,2,42.6,130.4,437,0,0,0,0,0,138.0,2,5,1.28,1.29,2.57,6.12,2024-07-17T10:20:02.627669Z,100.0,100.0,592031,158,0,,,6,Yankuba,2.0,False,,2024-10-19T22:30:05.622192Z,,,2.9,Minteh,,a,29,Minteh,224,94,115,83,105,67,142,82,,,,,,,,,,,3,5,,,,,,83.0,,
2024-08-13T19:52:33.982887Z,136,325685.0,TAA very much,3320902.0,67.0,48142.0,4.0,James,Mason,8.0,,False,136,3,6,238,2,321.3,20,3,99.2,277.2,1272,0,0,0,0,0,393.0,0,14,3.74,2.45,6.19,21.17,2024-07-17T10:20:02.628468Z,100.0,100.0,451340,63,0,,,2,Mitoma,5.8,False,,2024-12-03T12:30:08.039613Z,,,4.1,Kaoru,,a,61,Mitoma,75,26,29,24,19,9,19,15,,,,,,,,,,,3,5,10.0,67.0,28.0,18.0,6.0,15.0,13.0,4.0
,,,,,,,,,,,,,137,0,0,8,0,11.1,0,0,1.6,5.0,4,0,0,0,0,0,0.0,0,0,0.00,0.00,0.00,0.16,2024-07-17T10:20:02.629124Z,,,243505,469,0,,,0,Jakub,0.0,False,,,,,1.0,Moder,,a,2,Moder,440,210,356,201,535,221,437,209,,,,,,,,,,,3,5,,,,,,204.0,,
,,,,,,,,,,,,,138,0,0,0,0,0.0,0,0,0.0,0.0,0,0,0,0,0,0,0.0,0,0,0.00,0.00,0.00,0.00,2024-07-17T10:20:02.630561Z,0.0,0.0,574402,503,0,,,0,Mark,0.0,False,Season long to Portsmouth,2024-08-30T10:16:16.061223Z,,,0.0,O’Mahony,,u,0,O’Mahony,636,56,632,56,616,56,638,56,,,,,,,,,,,4,5,,,,,,53.0,,
,,,,,,,,,,,,,139,0,0,0,0,0.0,0,0,0.0,0.0,0,0,0,0,0,0,0.0,0,0,0.00,0.00,0.00,0.00,2024-07-17T10:20:02.631892Z,0.0,0.0,445548,609,0,,,0,Odeluga,0.0,False,Loaned to Blackpool,2024-08-31T06:26:46.238644Z,,,0.0,Offiah,,u,0,Offiah,506,178,486,176,450,161,508,178,,,,,,,,,,,2,5,,,,,,171.0,,
,,,,,,,,,,,,,140,0,0,0,0,0.0,0,0,0.0,0.0,0,0,0,0,0,0,0.0,0,0,0.00,0.00,0.00,0.00,2024-07-17T10:20:02.632992Z,,,491598,520,0,,,0,Cameron,0.0,False,,,,,0.0,Peupion,,a,0,Peupion,568,229,562,233,540,224,570,231,,,,,,,,,,,3,5,,,,,,250.0,,
,,,,,,,,,,,,,141,0,0,3,0,0.8,0,0,0.1,0.2,8,0,0,0,0,0,0.0,0,0,0.00,0.00,0.00,0.00,2024-07-17T10:20:02.634893Z,0.0,0.0,441192,305,0,,,0,Jeremy,0.0,False,Loaned to Burnley,2024-08-31T06:27:42.007071Z,,,1.0,Sarmiento Morante,,u,1,Sarmiento,468,224,424,218,651,294,471,227,,,,,,,,,,,3,5,,,,,,216.0,,
2024-08-13T20:15:09.265302Z,142,184585.0,Easy Three Points,3320970.0,135.0,48142.0,9.0,Jonathan,Ako,15.0,,False,142,0,1,46,1,0.0,1,0,4.1,40.4,180,0,0,0,0,3,0.0,0,2,0.00,0.00,0.00,1.88,2024-07-17T10:20:02.636000Z,,,49262,443,0,,,0,Jason,0.0,False,,,,,4.5,Steele,,a,9,Steele,352,30,527,44,496,35,400,30,,,,,,,,,,,1,5,16.0,135.0,18.0,2.0,7.0,26.0,-8.0,12.0
,,,,,,,,,,,,,143,0,0,0,0,0.0,0,0,0.0,0.0,0,0,0,0,0,0,0.0,0,0,0.00,0.00,0.00,0.00,2024-07-17T10:20:02.637248Z,0.0,0.0,450434,159,0,,,0,Deniz,0.0,False,Transferred to Stuttgart,2024-08-10T12:18:55.962223Z,,,0.0,Undav,,u,0,Undav,686,72,686,72,684,72,686,72,,,,,,,,,,,4,5,,,,,,54.0,,
,,,,,,,,,,,,,144,1,0,159,2,97.4,14,0,43.4,268.0,1070,0,0,0,0,0,68.0,4,12,0.57,0.64,1.21,15.72,2024-07-17T10:20:02.638869Z,100.0,100.0,469142,413,0,,,1,Jan Paul,1.2,False,,2024-09-29T22:30:06.452903Z,,,2.2,van Hecke,,a,28,Van Hecke,78,26,178,42,201,51,140,35,,,,,,,,,,,2,5,,,,,,53.0,,
,,,,,,,,,,,,,145,0,5,152,3,70.3,12,0,24.6,156.8,956,0,0,0,0,0,18.0,1,11,0.07,1.07,1.14,14.82,2024-07-17T10:20:02.640001Z,75.0,75.0,111478,428,0,,,0,Joël,0.5,False,Knock - 75% chance of playing,2024-11-30T01:00:07.662889Z,,,3.1,Veltman,,d,34,Veltman,191,74,212,53,309,98,254,82,,,,,,,,,,,2,5,,,,,,38.0,,
,,,,,,,,,,,,,146,0,2,142,2,0.0,21,0,36.6,365.6,1170,0,0,0,0,40,0.0,2,13,0.00,0.00,0.00,21.35,2024-07-17T10:20:02.641018Z,100.0,100.0,489639,403,0,,,1,Bart,1.8,False,,2024-08-12T14:30:04.523944Z,,,2.7,Verbruggen,,a,35,Verbruggen,27,8,600,63,584,58,183,8,,,,,,,,,,,1,5,,,,,,15.0,,
,,,,,,,,,,,,,147,0,0,7,0,1.8,4,0,2.4,20.4,78,0,0,0,0,0,2.0,0,2,0.00,0.03,0.03,3.95,2024-07-17T10:20:02.642099Z,25.0,25.0,110735,467,0,,,0,Adam,0.0,False,Hamstring injury - 25% chance of playing,2024-10-06T22:00:07.268394Z,,,0.3,Webster,,d,1,Webster,395,138,411,146,384,134,420,142,,,,,,,,,,,2,5,,,,,,147.0,,
2024-08-13T20:08:30.859034Z,148,283372.0,CripplingHannover96,3320947.0,112.0,48142.0,4.0,Ryan,McIntyre,13.0,,False,148,2,13,247,5,173.8,16,6,83.7,293.0,1111,0,0,0,0,0,370.0,1,13,5.57,0.44,6.01,20.73,2024-07-17T10:20:02.643054Z,100.0,75.0,50175,133,0,,,1,Danny,1.2,False,,2024-12-06T10:30:07.688901Z,,,4.9,Welbeck,,a,69,Welbeck,59,8,94,5,22,12,34,8,,,,,,,,,,,4,5,7.0,112.0,23.0,16.0,3.0,7.0,16.0,2.0
,,,,,,,,,,,,,149,2,0,71,1,76.8,12,0,21.7,106.4,407,0,0,0,0,0,38.0,2,3,0.31,0.14,0.45,9.01,2024-07-17T10:20:02.643976Z,100.0,100.0,467779,306,0,,,3,Mats,1.5,False,,2024-08-29T09:30:04.701478Z,,,1.6,Wieffer,,a,18,Wieffer,252,108,203,128,256,142,268,134,,,,,,,,,,,3,5,,,,,,127.0,,
,,,,,,,,,,,,,150,0,0,0,0,0.0,0,0,0.0,0.0,0,0,0,0,0,0,0.0,0,0,0.00,0.00,0.00,0.00,2024-07-17T10:20:02.645904Z,0.0,0.0,532605,508,0,,,0,Andrey,0.0,False,Has joined Strasbourg on a season-long loan,2024-08-05T10:16:34.176364Z,,,0.0,Nascimento dos Santos,,u,0,Andrey Santos,625,271,621,275,605,268,627,273,,,,,,,,,,,3,6,,,,,,251.0,,
,,,,,,,,,,,,,151,0,0,0,0,0.0,0,0,0.0,0.0,0,0,0,0,0,0,0.0,0,0,0.00,0.00,0.00,0.00,2024-07-17T10:20:02.647125Z,0.0,0.0,518620,521,0,,,0,Ângelo Gabriel,0.0,False,Transferred to Al-Nassr,2024-09-05T10:38:18.297070Z,,,0.0,Borges Damaceno,,u,0,Ângelo,618,265,614,269,598,262,620,267,,,,,,,,,,,3,6,,,,,,252.0,,
,,,,,,,,,,,,,152,0,1,117,2,10.1,15,0,24.6,236.8,900,0,0,0,0,33,0.0,1,10,0.00,0.00,0.00,10.88,2024-07-17T10:20:02.648765Z,100.0,100.0,109745,522,0,,,3,Kepa,3.0,False,,2024-10-26T20:00:07.229572Z,,,3.1,Arrizabalaga,,a,31,Arrizabalaga,109,17,362,3,553,54,253,17,,,,,,,,,,,1,3,,,,,,18.0,,
,,,,,,,,,,,,,153,0,0,22,0,8.8,4,0,5.7,48.2,247,0,0,0,0,0,0.0,0,2,0.00,0.06,0.06,4.63,2024-07-17T10:20:02.650069Z,,,242880,453,0,,,1,Benoît,0.8,False,,,,,1.2,Badiashile,,a,5,B.Badiashile,340,118,372,119,518,205,384,127,,,,,,,,,,,2,6,,,,,,124.0,,
,,,,,,,,,,,,,154,0,0,0,0,0.0,0,0,0.0,0.0,0,0,0,0,0,0,0.0,0,0,0.00,0.00,0.00,0.00,2024-07-17T10:20:02.650968Z,,,482158,625,0,,,0,Lucas,0.0,False,,,,,0.0,Bergström,,a,0,Bergström,515,61,495,40,459,30,517,61,,,,,,,,,,,1,6,,,,,,41.0,,
,,,,,,,,,,,,,155,0,0,0,0,0.0,0,0,0.0,0.0,0,0,0,0,0,0,0.0,0,0,0.00,0.00,0.00,0.00,2024-07-17T10:20:02.651748Z,,,122074,693,0,,,0,Marcus,0.0,False,,,,,0.0,Bettinelli,,a,0,Bettinelli,470,35,447,12,406,2,472,35,,,,,,,,,,,1,6,,,,,,42.0,,
,,,,,,,,,,,,,156,0,0,0,0,0.5,0,0,0.8,1.0,7,0,0,0,0,0,6.0,0,0,0.00,0.06,0.06,0.00,2024-07-17T10:20:02.653828Z,100.0,100.0,440323,146,0,,,0,Armando,0.3,False,,2024-09-08T23:00:06.640099Z,,,1.0,Broja,,a,1,Broja,465,48,429,47,367,44,449,47,,,,,,,,,,,4,8,,,,,,48.0,,
,,,,,,,,,,,,,157,3,2,275,4,260.2,17,1,61.1,305.0,1325,0,0,0,0,0,45.0,3,15,0.38,1.38,1.76,20.31,2024-07-17T10:20:02.654948Z,,,486672,209,0,,,5,Moisés,2.8,False,,,,,3.1,Caicedo Corozo,,a,47,Caicedo,51,15,46,37,240,133,78,48,,,,,,,,,,,3,6,,,,,,37.0,,
,,,,,,,,,,,,,158,0,0,0,0,0.0,0,0,0.0,0.0,0,0,0,0,0,0,0.0,0,0,0.00,0.00,0.00,0.00,2024-07-17T10:20:02.656460Z,,,505187,485,0,,,0,Cesare,0.0,False,,,,,0.0,Casadei,,a,0,Casadei,569,230,563,234,541,225,571,232,,,,,,,,,,,3,6,,,,,,253.0,,
,,,,,,,,,,,,,159,0,2,135,2,55.8,11,1,32.0,192.6,790,0,0,0,0,0,70.0,1,9,0.45,0.33,0.78,12.09,2024-07-17T10:20:02.657449Z,100.0,100.0,180736,448,0,,,1,Trevoh,2.2,False,,2024-09-13T15:30:06.602568Z,,,3.2,Chalobah,,a,29,Chalobah,154,61,245,63,194,45,206,63,,,,,,,,,,,2,7,,,,,,50.0,,
,,,,,,,,,,,,,160,0,0,0,0,0.0,0,0,0.0,0.0,0,0,0,0,0,0,0.0,0,0,0.00,0.00,0.00,0.00,2024-07-17T10:20:02.658491Z,,,172850,278,0,,,0,Ben,0.0,False,,,,,0.0,Chilwell,,a,0,Chilwell,648,230,644,230,632,227,649,230,,,,,,,,,,,2,6,,,,,,172.0,,
,,,,,,,,,,,,,161,0,0,0,0,0.0,0,0,0.0,0.0,0,0,0,0,0,0,0.0,0,0,0.00,0.00,0.00,0.00,2024-07-17T10:20:02.659564Z,100.0,100.0,478912,288,0,,,0,Carney,0.0,False,,2024-10-04T12:30:06.437566Z,,,0.0,Chukwuemeka,,a,0,Chukwuemeka,656,293,650,294,641,290,656,293,,,,,,,,,,,3,6,,,,,,254.0,,
,,,,,,,,,,,,,162,0,1,157,3,55.4,17,0,36.8,257.0,1260,0,0,0,0,0,55.0,3,14,0.38,0.83,1.21,19.45,2024-07-17T10:20:02.660741Z,100.0,100.0,460028,408,0,,,1,Levi,2.0,False,,2024-11-12T14:30:07.619476Z,,,2.4,Colwill,,a,33,Colwill,91,32,249,66,220,63,182,50,,,,,,,,,,,2,6,,,,,,41.0,,
2024-08-13T20:09:16.575169Z,163,318371.0,Up the Ding,3320950.0,115.0,48142.0,7.0,Matthew,Stent,13.0,,False,163,2,2,173,3,122.0,13,0,33.7,176.0,1085,0,0,0,0,0,39.0,6,12,0.05,1.20,1.25,15.38,2024-07-17T10:20:02.662215Z,100.0,100.0,179268,254,0,,,4,Marc,4.0,False,,2024-10-06T22:00:07.319833Z,,,2.6,Cucurella Saseta,,a,37,Cucurella,174,69,154,33,255,76,198,57,,,,,,,,,,,2,6,16.0,115.0,36.0,20.0,5.0,29.0,7.0,7.0
,,,,,,,,,,,,,164,0,0,0,0,0.0,0,0,0.0,0.0,0,0,0,0,0,0,0.0,0,0,0.00,0.00,0.00,0.00,2024-07-17T10:20:02.663191Z,0.0,0.0,520295,142,0,,,0,David Datro,0.0,False,Transferred to AEK Athens,2024-09-11T14:26:52.770225Z,,,0.0,Fofana,,u,0,D.D.Fofana,685,71,684,71,682,71,685,71,,,,,,,,,,,4,6,,,,,,55.0,,
,,,,,,,,,,,,,165,0,0,0,0,0.0,0,0,0.0,0.0,0,0,0,0,0,0,0.0,0,0,0.00,0.00,0.00,0.00,2024-07-17T10:20:02.664824Z,,,617054,302,0,,,0,Deivid Washington,0.0,False,,,,,0.0,de Souza Eugênio,,a,0,Deivid,665,65,659,64,655,65,665,65,,,,,,,,,,,4,6,,,,,,56.0,,
,,,,,,,,,,,,,166,0,0,15,0,15.3,2,0,2.5,9.4,56,0,0,0,0,0,0.0,0,0,0.00,0.05,0.05,1.13,2024-07-17T10:20:02.665912Z,,,215413,93,0,,,0,Kiernan,0.4,False,,,,,1.0,Dewsbury-Hall,,a,5,Dewsbury-Hall,425,202,341,195,685,310,419,204,,,,,,,,,,,3,6,,,,,,193.0,,
,,,,,,,,,,,,,167,0,0,54,1,4.3,1,1,9.9,61.6,184,0,0,0,0,0,33.0,0,2,0.25,0.02,0.27,3.46,2024-07-17T10:20:02.667084Z,,,220362,398,0,,,0,Axel,1.6,False,,,,,5.0,Disasi,,a,15,Disasi,323,111,388,131,264,80,341,110,,,,,,,,,,,2,6,,,,,,88.0,,
,,,,,,,,,,,,,168,3,5,262,2,331.5,13,3,79.2,302.2,967,0,0,0,0,0,157.0,1,10,1.62,2.32,3.94,12.81,2024-07-17T10:20:02.668476Z,,,448047,213,0,,,9,Enzo,7.8,False,,,,,3.9,Fernández,,a,54,Enzo,53,16,27,22,96,61,40,26,,,,,,,,,,,3,6,,,,,,22.0,,
,,,,,,,,,,,,,169,0,0,0,0,0.0,0,0,0.0,0.0,0,0,0,0,0,0,0.0,0,0,0.00,0.00,0.00,0.00,2024-07-17T10:20:02.669974Z,0.0,0.0,232787,78,0,,,0,Conor,0.0,False,Transferred to Atletico Madrid,2024-08-22T11:20:34.236891Z,,,0.0,Gallagher,,u,0,Gallagher,687,312,687,312,686,311,687,312,,,,,,,,,,,3,6,,,,,,255.0,,
,,,,,,,,,,,,,170,0,0,0,0,0.0,0,0,0.0,0.0,0,0,0,0,0,0,0.0,0,0,0.00,0.00,0.00,0.00,2024-07-17T10:20:02.670870Z,0.0,0.0,514280,601,0,,,0,Alfie,0.0,False,Has joined Sheffield United on a season-long,2024-08-09T11:15:16.064928Z,,,0.0,Gilchrist,,u,0,Gilchrist,523,187,503,185,468,171,525,187,,,,,,,,,,,2,6,,,,,,173.0,,
2024-08-13T20:03:48.692764Z,171,184585.0,Easy Three Points,3320934.0,99.0,48142.0,9.0,Jonathan,Ako,11.0,,False,171,1,0,91,0,139.2,14,0,38.5,158.2,865,0,0,0,0,0,87.0,2,10,0.95,0.71,1.66,13.72,2024-07-17T10:20:02.672116Z,100.0,100.0,482609,219,0,,,1,Malo,1.8,False,,2024-11-13T09:30:07.704412Z,,,1.5,Gusto,,a,18,Gusto,190,73,129,26,166,31,173,48,,,,,,,,,,,2,6,35.0,99.0,30.0,-5.0,34.0,82.0,-52.0,32.0
2024-08-13T20:14:52.312156Z,172,318371.0,Up the Ding,3320968.0,133.0,48142.0,7.0,Matthew,Stent,15.0,,False,172,0,0,32,0,23.2,4,0,6.2,38.2,240,0,0,0,0,0,0.0,0,3,0.00,0.22,0.22,5.78,2024-07-17T10:20:02.674202Z,0.0,0.0,225796,295,0,,,0,Reece,0.2,False,Hamstring injury - Unknown return date,2024-11-21T14:00:08.020459Z,,,1.2,James,,i,5,James,357,127,320,104,648,230,377,125,,,,,,,,,,,2,6,42.0,133.0,45.0,3.0,17.0,125.0,-80.0,40.0
,,,,,,,,,,,,,173,0,0,0,0,0.0,0,0,0.0,0.0,0,0,0,0,0,0,0.0,0,0,0.00,0.00,0.00,0.00,2024-07-17T10:20:02.676310Z,0.0,0.0,549068,504,0,,,0,Omari,0.0,False,Hamstring injury - Unknown return date,2024-09-08T23:00:06.668188Z,,,0.0,Kellyman,,i,0,Kellyman,571,232,565,236,543,227,573,234,,,,,,,,,,,3,6,,,,,,256.0,,
,,,,,,,,,,,,,174,1,0,81,1,94.3,9,0,18.8,88.2,475,0,0,0,0,0,5.0,3,7,0.18,0.29,0.47,9.99,2024-07-17T10:20:02.677760Z,100.0,100.0,514356,509,0,,,0,Roméo,1.0,False,,2024-11-10T23:00:07.545590Z,,,1.7,Lavia,,a,15,Lavia,281,128,185,119,369,198,286,144,,,,,,,,,,,3,6,,,,,,140.0,,
,,,,,,,,,,,,,175,0,0,0,0,0.0,0,0,0.0,0.0,0,0,0,0,0,0,0.0,0,0,0.00,0.00,0.00,0.00,2024-07-17T10:20:02.679115Z,0.0,0.0,66749,71,0,,,0,Romelu,0.0,False,Permanent transfer to Napoli,2024-08-30T10:21:53.872158Z,,,0.0,Lukaku Bolingoli,,u,0,Lukaku,688,73,688,73,687,73,688,73,,,,,,,,,,,4,6,,,,,,57.0,,
,,,,,,,,,,,,,176,0,0,0,0,0.0,0,0,0.0,0.0,0,0,0,0,0,0,0.0,0,0,0.00,0.00,0.00,0.00,2024-07-17T10:20:02.687238Z,0.0,0.0,204727,523,0,,,0,Malang,0.0,False,Permanent move to RC Lens,2024-07-29T09:46:25.583703Z,,,0.0,Sarr,,u,0,M.Sarr,582,224,577,224,558,219,584,224,,,,,,,,,,,2,6,,,,,,174.0,,
,,,,,,,,,,,,,177,3,9,234,3,204.6,13,5,105.2,293.2,932,0,0,0,0,0,553.0,3,12,4.51,1.17,5.68,15.36,2024-07-17T10:20:02.688453Z,,,248857,62,0,,,1,Noni,4.2,False,,,,,4.9,Madueke,,a,69,Madueke,58,19,71,55,5,3,14,11,,,,,,,,,,,3,6,,,,,,11.0,,
,,,,,,,,,,,,,178,0,0,2,0,0.3,1,0,0.0,0.0,24,0,0,0,0,0,0.0,0,0,0.00,0.00,0.00,0.11,2024-07-17T10:20:02.689642Z,,,499309,307,0,,,0,Marc,0.0,False,,,,,1.0,Guiu Paz,,a,1,Marc Guiu,650,60,436,48,634,60,651,60,,,,,,,,,,,4,6,,,,,,49.0,,
,,,,,,,,,,,,,179,0,0,26,0,31.5,2,0,8.5,23.2,145,0,0,0,0,0,31.0,0,1,0.24,0.66,0.90,3.28,2024-07-17T10:20:02.690437Z,50.0,50.0,465920,60,0,,,0,Mykhailo,0.2,False,Illness - 50% chance of playing,2024-12-06T15:30:07.786308Z,,,1.0,Mudryk,,d,7,Mudryk,383,180,297,175,273,150,351,176,,,,,,,,,,,3,6,,,,,,177.0,,
2024-08-13T19:38:19.202745Z,180,318371.0,Up the Ding,3320865.0,30.0,48142.0,3.0,Matthew,Stent,4.0,,True,180,4,12,329,4,183.1,14,8,109.2,385.0,1100,0,0,0,0,0,523.0,4,14,7.07,0.56,7.63,16.34,2024-07-17T10:20:02.691236Z,,,517052,17,0,,,2,Nicolas,4.4,False,,,,,5.7,Jackson,,a,80,N.Jackson,17,3,89,3,6,3,11,3,,,,,,,,,,,4,6,3.0,30.0,10.0,7.0,7.0,3.0,7.0,6.0
2024-08-13T19:39:16.948863Z,181,317751.0,Some Solanke-Panky?,3320867.0,32.0,48142.0,5.0,Alex,Turnbull,4.0,,False,181,1,4,98,0,85.5,4,2,34.5,116.4,285,0,0,0,0,0,146.0,1,2,3.25,0.26,3.51,6.17,2024-07-17T10:20:02.692506Z,,,213198,68,0,,,1,Christopher,3.4,False,,,,,2.2,Nkunku,,a,31,Nkunku,239,102,192,123,100,65,193,102,,,,,,,,,,,3,6,32.0,32.0,16.0,-16.0,39.0,75.0,-59.0,32.0
2024-08-13T19:30:47.441440Z,182,317751.0,Some Solanke-Panky?,3320840.0,5.0,48142.0,5.0,Alex,Turnbull,1.0,,False,182,7,19,517,3,545.5,17,11,167.3,628.4,1298,0,0,0,0,0,498.0,3,15,9.61,3.75,13.36,19.57,2024-07-17T10:20:02.693582Z,100.0,100.0,244851,3,0,,,18,Cole,8.6,True,,2024-11-12T14:30:07.656076Z,,,8.3,Palmer,,a,125,Palmer,2,2,4,4,7,4,2,2,,,,,,,,,,,3,6,2.0,5.0,2.0,0.0,21.0,2.0,0.0,12.0
,,,,,,,,,,,,,183,0,0,0,0,0.0,0,0,0.0,0.0,0,0,0,0,0,0,0.0,0,0,0.00,0.00,0.00,0.00,2024-07-17T10:20:02.694927Z,0.0,0.0,457569,399,0,,,0,Đorđe,0.0,False,Loaned to Strasbourg,2024-08-31T06:26:07.653045Z,,,0.0,Petrović,,u,0,Petrović,566,71,560,61,538,53,568,71,,,,,,,,,,,1,6,,,,,,43.0,,
,,,,,,,,,,,,,184,0,0,22,1,9.2,2,0,5.9,30.4,176,0,0,0,0,0,19.0,2,1,0.16,0.15,0.31,3.17,2024-07-17T10:20:02.695905Z,,,551230,524,0,,,1,Renato,0.4,False,,,,,1.0,Palma Veiga,,a,7,Renato Veiga,369,172,370,203,306,170,382,187,,,,,,,,,,,3,6,,,,,,178.0,,
2024-08-13T20:12:21.822886Z,185,184679.0,Kernowfornia United,3320961.0,126.0,48142.0,9.0,Scott,Renfree-Tuck,14.0,,False,185,0,5,194,3,0.0,17,0,37.0,370.8,1260,0,0,1,0,47,0.0,4,14,0.00,0.01,0.01,19.71,2024-07-17T10:20:02.696760Z,,,215059,415,0,,,0,Robert,2.0,False,,,,,3.7,Sánchez,,a,52,Sánchez,23,6,647,66,637,62,181,7,,,,,,,,,,,1,6,5.0,126.0,13.0,8.0,2.0,6.0,7.0,2.0
2024-08-13T19:58:14.648392Z,186,184585.0,Easy Three Points,3320917.0,82.0,48142.0,1.0,Jonathan,Ako,10.0,,False,186,1,0,24,0,37.8,1,0,11.3,23.8,144,0,0,0,0,0,54.0,0,2,0.51,0.09,0.60,1.39,2024-07-17T10:20:02.697683Z,100.0,100.0,103955,29,0,,,0,Raheem,1.0,False,,2024-11-02T15:00:07.534992Z,,,1.5,Sterling,,a,9,Sterling,380,177,287,172,222,123,331,164,,,,,,,,,,,3,1,42.0,82.0,33.0,-9.0,32.0,168.0,-135.0,41.0
,,,,,,,,,,,,,187,0,0,51,1,13.4,3,0,7.3,48.0,261,0,0,0,0,0,11.0,1,3,0.17,0.02,0.19,4.72,2024-07-17T10:20:02.698932Z,,,109646,405,0,,,0,Tosin,0.4,False,,,,,1.8,Adarabioyo,,a,9,Tosin,341,119,348,114,330,109,362,115,,,,,,,,,,,2,6,,,,,,116.0,,
,,,,,,,,,,,,,188,0,0,18,0,30.8,8,0,5.9,22.8,208,0,0,0,0,0,6.0,1,2,0.21,0.06,0.27,5.96,2024-07-17T10:20:02.700612Z,100.0,100.0,503714,481,0,,,0,Lesley,0.2,False,,2024-11-30T01:00:07.716140Z,,,1.0,Ugochukwu,,a,6,Ugochukwu,384,181,298,176,363,195,381,186,,,,,,,,,,,3,17,,,,,,185.0,,
,,,,,,,,,,,,,189,0,2,133,1,70.0,12,0,28.7,187.2,1015,0,0,0,0,0,29.0,6,12,0.40,0.15,0.55,13.99,2024-07-17T10:20:02.702599Z,0.0,0.0,444463,525,0,,,0,Wesley,1.0,False,Hamstring injury - Expected back 04 Jan,2024-12-02T00:00:08.059563Z,,,1.6,Fofana,,i,19,W.Fofana,158,62,213,54,276,85,227,70,,,,,,,,,,,2,6,,,,,,75.0,,
,,,,,,,,,,,,,190,0,0,0,0,0.0,0,0,0.0,0.0,0,0,0,0,0,0,0.0,0,0,0.00,0.00,0.00,0.00,2024-07-17T10:20:02.703584Z,0.0,0.0,466117,476,0,,,0,Naouirou,0.0,False,Loaned to Rennes,2024-08-31T06:25:25.419519Z,,,0.0,Ahamada,,u,0,Ahamada,601,251,596,255,578,248,603,253,,,,,,,,,,,3,7,,,,,,257.0,,
2024-08-13T20:05:52.112251Z,191,325685.0,TAA very much,3320938.0,103.0,48142.0,4.0,James,Mason,12.0,,False,191,0,3,95,2,26.2,15,0,26.9,184.0,783,0,0,0,1,0,58.0,1,9,0.25,0.13,0.38,10.57,2024-07-17T10:20:02.705054Z,0.0,0.0,174874,366,0,,,0,Joachim,0.0,False,Calf injury - Unknown return date,2024-11-23T23:00:08.082582Z,,,2.2,Andersen,,i,20,Andersen,161,64,311,97,215,59,235,74,,,,,,,,,,,2,9,32.0,103.0,32.0,0.0,22.0,68.0,-36.0,28.0
,,,,,,,,,,,,,192,0,2,120,1,97.1,18,3,41.1,135.8,672,0,0,0,0,0,180.0,4,7,2.55,0.48,3.03,14.02,2024-07-17T10:20:02.706651Z,100.0,100.0,80146,114,0,,,2,Jordan,2.8,False,,2024-11-21T10:30:08.369234Z,,,2.4,Ayew,,a,36,J.Ayew,214,88,179,116,77,47,160,92,,,,,,,,,,,3,11,,,,,,63.0,,
,,,,,,,,,,,,,193,1,0,34,0,8.9,3,0,4.8,23.4,237,0,0,0,0,0,16.0,1,3,0.19,0.03,0.22,5.10,2024-07-17T10:20:02.707944Z,100.0,100.0,438464,284,0,,,0,Cheick,0.5,False,,2024-09-14T18:00:06.266238Z,,,1.4,Doucouré,,a,10,C.Doucouré,381,178,371,204,316,173,394,191,,,,,,,,,,,3,7,,,,,,159.0,,
,,,,,,,,,,,,,194,0,0,41,1,4.2,5,0,7.1,60.0,353,0,0,0,0,0,6.0,1,4,0.12,0.01,0.13,6.70,2024-07-17T10:20:02.709062Z,100.0,100.0,427623,411,0,,,0,Chris,0.5,False,,2024-09-27T15:30:06.509919Z,,,1.8,Richards,,a,11,C.Richards,328,114,390,132,359,123,364,116,,,,,,,,,,,2,7,,,,,,104.0,,
,,,,,,,,,,,,,195,0,0,3,0,1.3,2,0,2.0,18.2,90,0,0,0,0,0,0.0,0,1,0.00,0.02,0.02,1.39,2024-07-17T10:20:02.710527Z,50.0,0.0,515621,526,0,,,0,Chadi,0.0,False,Knee injury - 50% chance of playing,2024-08-28T16:30:04.488064Z,,,1.0,Riad Dnanou,,d,1,Chadi Riad,399,141,418,150,523,208,428,146,,,,,,,,,,,2,7,,,,,,148.0,,
,,,,,,,,,,,,,196,0,0,44,1,6.7,4,0,5.1,41.8,294,0,0,0,0,0,3.0,0,3,0.01,0.02,0.03,5.99,2024-07-17T10:20:02.711634Z,,,57328,420,0,,,0,Nathaniel,0.2,False,,,,,2.2,Clyne,,a,13,Clyne,349,123,381,126,376,129,389,131,,,,,,,,,,,2,7,,,,,,98.0,,
,,,,,,,,,,,,,197,0,0,0,0,0.0,0,0,0.0,0.0,0,0,0,0,0,0,0.0,0,0,0.00,0.00,0.00,0.00,2024-07-17T10:20:02.712704Z,0.0,0.0,450535,527,0,,,0,Malcolm,0.0,False,Season long loan to Oxford United,2024-08-06T17:23:26.723638Z,,,0.0,Ebiowei,,u,0,Ebiowei,592,244,587,248,569,241,594,246,,,,,,,,,,,3,7,,,,,,258.0,,
,,,,,,,,,,,,,198,0,0,14,0,25.0,3,0,8.0,5.0,141,0,0,0,0,0,50.0,0,1,0.39,0.07,0.46,3.72,2024-07-17T10:20:02.714161Z,100.0,100.0,199670,134,0,,,0,Odsonne,0.2,False,,2024-09-05T11:30:06.462155Z,,,1.2,Edouard,,a,7,Edouard,442,44,314,35,229,36,354,38,,,,,,,,,,,4,11,,,,,,39.0,,
2024-08-13T19:38:24.000646Z,199,325685.0,TAA very much,3320866.0,31.0,48142.0,4.0,James,Mason,4.0,,False,199,2,3,184,3,364.1,14,1,87.3,202.2,1020,0,0,0,0,0,308.0,0,12,3.29,1.75,5.04,14.51,2024-07-17T10:20:02.715825Z,100.0,100.0,232413,27,0,,,2,Eberechi,2.5,False,,2024-10-31T02:30:07.120686Z,,,3.4,Eze,,a,41,Eze,141,49,19,16,33,18,30,21,,,,,,,,,,,3,7,22.0,31.0,15.0,-7.0,30.0,45.0,-30.0,26.0
2024-08-13T20:00:48.145571Z,200,184679.0,Kernowfornia United,3320925.0,90.0,48142.0,9.0,Scott,Renfree-Tuck,10.0,,False,200,1,3,211,3,95.7,20,2,64.3,421.0,1350,1,0,0,0,0,126.0,2,15,1.25,0.38,1.63,21.26,2024-07-17T10:20:02.717053Z,,,209036,406,0,,,1,Marc,2.8,False,,,,,3.2,Guéhi,,a,48,Guéhi,10,2,183,43,120,12,75,12,,,,,,,,,,,2,7,11.0,90.0,23.0,12.0,10.0,15.0,8.0,6.0
2024-08-13T20:07:06.828057Z,201,289293.0,*Stratford Sardines*,3320941.0,106.0,48142.0,7.0,Flat,7,12.0,,False,201,0,4,179,3,0.0,20,0,38.8,384.4,1350,0,0,1,0,46,4.0,1,15,0.01,0.00,0.01,21.26,2024-07-17T10:20:02.718523Z,,,172649,436,0,,,1,Dean,4.2,False,,,,,3.5,Henderson,,a,53,Henderson,18,5,551,57,373,1,171,5,,,,,,,,,,,1,7,4.0,106.0,11.0,7.0,3.0,5.0,6.0,3.0
,,,,,,,,,,,,,202,0,0,0,0,0.0,0,0,0.0,0.0,0,0,0,0,0,0,0.0,0,0,0.00,0.00,0.00,0.00,2024-07-17T10:20:02.720249Z,,,156074,528,0,,,0,Rob,0.0,False,,,,,0.0,Holding,,a,0,Holding,553,212,541,211,513,201,555,212,,,,,,,,,,,2,7,,,,,,175.0,,
,,,,,,,,,,,,,203,2,3,115,2,216.2,12,0,41.8,156.6,798,0,0,0,0,0,47.0,6,8,0.54,0.93,1.47,13.07,2024-07-17T10:20:02.721465Z,100.0,100.0,108413,233,0,,,11,Will,4.2,False,,2024-11-02T21:30:06.165599Z,,,2.0,Hughes,,a,26,Hughes,194,76,67,52,235,129,148,86,,,,,,,,,,,3,7,,,,,,97.0,,
,,,,,,,,,,,,,204,0,0,36,0,10.0,15,0,18.7,177.2,540,0,0,0,0,21,0.0,0,6,0.00,0.00,0.00,11.78,2024-07-17T10:20:02.722769Z,100.0,100.0,101982,404,0,,,1,Sam,0.2,False,,2024-10-20T21:30:06.848774Z,,,1.8,Johnstone,,a,11,Johnstone,172,21,365,5,509,44,288,20,,,,,,,,,,,1,20,,,,,,23.0,,
,,,,,,,,,,,,,205,0,0,74,1,166.8,11,0,34.1,99.8,616,0,0,0,1,0,73.0,2,7,0.56,0.51,1.07,10.30,2024-07-17T10:20:02.723591Z,100.0,100.0,209400,160,0,,,0,Daichi,0.0,False,,2024-11-09T20:00:07.600072Z,,,1.3,Kamada,,a,14,Kamada,264,117,104,77,192,115,197,103,,,,,,,,,,,3,7,,,,,,145.0,,
,,,,,,,,,,,,,206,0,0,82,1,76.6,9,0,22.9,106.0,665,0,0,0,0,0,46.0,4,7,0.38,0.79,1.17,8.11,2024-07-17T10:20:02.724724Z,100.0,100.0,152551,230,0,,,2,Jefferson,1.2,False,,2024-10-27T22:00:06.083970Z,,,1.3,Lerma Solís,,a,14,Lerma,254,110,204,129,238,131,262,129,,,,,,,,,,,3,7,,,,,,146.0,,
2024-08-13T19:36:34.622407Z,207,318371.0,Up the Ding,3320860.0,25.0,48142.0,7.0,Matthew,Stent,3.0,,False,207,1,9,191,2,178.5,17,4,64.8,204.6,1112,0,0,0,0,0,268.0,2,13,4.46,0.74,5.20,17.26,2024-07-17T10:20:02.725851Z,,,231747,16,0,,,2,Jean-Philippe,4.2,False,,,,,3.5,Mateta,,a,52,Mateta,140,18,91,4,44,17,73,17,,,,,,,,,,,4,7,12.0,25.0,8.0,-4.0,17.0,16.0,-8.0,17.0
,,,,,,,,,,,,,208,0,0,0,0,0.0,0,0,0.0,0.0,0,0,0,0,0,0,0.0,0,0,0.00,0.00,0.00,0.00,2024-07-17T10:20:02.727202Z,0.0,0.0,536694,477,0,,,0,Matheus,0.0,False,Groin Injury - Expected back 04 Jan,2024-09-27T15:30:06.533416Z,,,0.0,França de Oliveira,,i,0,M.França,570,231,564,235,542,226,572,233,,,,,,,,,,,3,7,,,,,,259.0,,
,,,,,,,,,,,,,209,0,0,0,0,0.0,0,0,0.0,0.0,0,0,0,0,0,0,0.0,0,0,0.00,0.00,0.00,0.00,2024-07-17T10:20:02.729024Z,,,169593,613,0,,,0,Remi,0.0,False,,,,,0.0,Matthews,,a,0,Matthews,486,45,465,23,428,13,488,45,,,,,,,,,,,1,7,,,,,,44.0,,
2024-08-13T19:56:11.877786Z,210,283372.0,CripplingHannover96,3320911.0,76.0,48142.0,4.0,Ryan,McIntyre,9.0,,False,210,1,0,158,3,226.3,20,0,52.9,232.8,1300,0,0,0,0,0,67.0,2,15,0.34,1.33,1.67,20.67,2024-07-17T10:20:02.730307Z,,,244723,193,0,,,1,Tyrick,2.0,False,,,,,2.3,Mitchell,,a,34,Mitchell,114,43,61,12,203,52,106,23,,,,,,,,,,,2,7,21.0,76.0,18.0,-3.0,26.0,39.0,-21.0,23.0
2024-08-13T19:53:31.301011Z,211,317751.0,Some Solanke-Panky?,3320903.0,68.0,48142.0,5.0,Alex,Turnbull,8.0,,False,211,2,3,164,3,198.3,20,2,72.3,310.6,1264,0,0,0,0,0,214.0,4,15,2.53,0.69,3.22,20.10,2024-07-17T10:20:02.731825Z,100.0,100.0,247348,241,0,,,7,Daniel,6.2,False,,2024-10-05T18:00:07.079825Z,,,3.3,Muñoz,,a,50,Muñoz,50,16,77,15,59,3,50,5,,,,,,,,,,,2,7,8.0,68.0,15.0,7.0,13.0,10.0,5.0,9.0
,,,,,,,,,,,,,212,0,0,0,0,0.0,0,0,0.0,0.0,0,0,0,0,0,0,0.0,0,0,0.00,0.00,0.00,0.00,2024-07-17T10:20:02.732822Z,0.0,0.0,531989,489,0,,,0,David,0.0,False,Season long loan to Derby County,2024-07-26T08:51:53.649693Z,,,0.0,Ozoh,,u,0,Ozoh,623,269,619,273,603,266,625,271,,,,,,,,,,,3,7,,,,,,260.0,,
,,,,,,,,,,,,,213,0,0,0,0,0.0,0,0,0.0,0.0,0,0,0,0,0,0,0.0,0,0,0.00,0.00,0.00,0.00,2024-07-17T10:20:02.734179Z,0.0,0.0,450542,490,0,,,0,Jesurun,0.0,False,Loaned to Sheffield United,2024-08-20T12:16:48.741122Z,,,0.0,Rak-Sakyi,,u,0,Rak-Sakyi,594,246,589,250,571,243,596,248,,,,,,,,,,,3,7,,,,,,261.0,,
,,,,,,,,,,,,,214,0,0,37,0,32.2,2,0,9.6,21.6,85,0,0,0,0,0,44.0,0,0,0.13,0.08,0.21,1.47,2024-07-17T10:20:02.735025Z,,,86417,227,0,,,0,Jeffrey,0.5,False,,,,,1.0,Schlupp,,a,10,Schlupp,391,185,295,173,243,135,345,171,,,,,,,,,,,3,7,,,,,,160.0,,
,,,,,,,,,,,,,215,0,0,0,0,0.0,0,0,0.0,0.0,0,0,0,0,0,0,0.0,0,0,0.00,0.00,0.00,0.00,2024-07-17T10:20:02.736859Z,100.0,100.0,55494,419,0,,,0,Joel,0.0,False,,2024-11-01T16:30:07.610599Z,,,0.0,Ward,,a,0,Ward,550,211,536,210,506,200,552,211,,,,,,,,,,,2,7,,,,,,176.0,,
,,,,,,,,,,,,,216,0,0,104,1,131.4,9,0,29.7,112.6,621,0,0,0,0,0,53.0,0,8,0.22,0.60,0.82,9.39,2024-07-17T10:20:02.739035Z,50.0,0.0,496221,243,0,,,0,Adam,0.0,False,Groin Injury - 50% chance of playing,2024-11-01T16:30:07.622710Z,,,1.9,Wharton,,d,15,Wharton,245,105,137,97,223,124,218,111,,,,,,,,,,,3,7,,,,,,141.0,,
,,,,,,,,,,,,,217,0,0,108,5,158.6,14,0,29.6,86.4,892,0,0,0,0,0,52.0,0,11,0.48,0.44,0.92,13.56,2024-07-17T10:20:02.740099Z,100.0,100.0,121599,111,0,,,0,Abdoulaye,2.7,False,,2024-11-01T10:30:06.244300Z,,,2.2,Doucouré,,a,27,A.Doucoure,284,129,114,82,227,125,220,113,,,,,,,,,,,3,8,,,,,,94.0,,
,,,,,,,,,,,,,218,0,2,44,0,2.1,9,1,15.1,41.2,179,0,0,0,0,0,112.0,0,1,1.61,0.00,1.61,3.26,2024-07-17T10:20:02.741069Z,,,486385,244,0,,,0,Norberto Bercique,1.0,False,,,,,1.8,Gomes Betuncal,,a,16,Beto,350,34,407,45,132,31,313,34,,,,,,,,,,,4,8,,,,,,33.0,,
,,,,,,,,,,,,,219,0,1,102,3,6.6,5,0,9.9,86.6,456,0,0,0,0,0,6.0,0,5,0.03,0.05,0.08,4.40,2024-07-17T10:20:02.742484Z,100.0,100.0,480455,192,0,,,0,Jarrad,4.3,False,,2024-11-14T10:00:08.223634Z,,,3.3,Branthwaite,,a,23,Branthwaite,283,102,383,127,364,126,342,111,,,,,,,,,,,2,8,,,,,,64.0,,
2024-08-13T19:51:59.255161Z,220,324701.0,Eleven Hags,3320900.0,65.0,48142.0,2.0,Liam,Thaker,8.0,,False,220,2,3,110,6,88.0,12,2,64.8,146.6,1093,0,0,0,0,0,414.0,1,13,4.32,0.53,4.85,15.75,2024-07-17T10:20:02.744160Z,100.0,100.0,177815,82,0,,,0,Dominic,2.7,False,,2024-09-18T19:30:06.748871Z,,,3.1,Calvert-Lewin,,a,43,Calvert-Lewin,202,21,189,23,14,7,72,16,,,,,,,,,,,4,8,14.0,65.0,20.0,6.0,8.0,18.0,2.0,8.0
,,,,,,,,,,,,,221,0,0,-1,0,1.1,3,0,3.9,16.6,90,0,0,0,0,0,21.0,0,1,0.62,0.01,0.63,2.22,2024-07-17T10:20:02.746002Z,100.0,100.0,59949,461,0,,,0,Séamus,0.0,False,,2024-11-07T23:00:07.780654Z,,,1.0,Coleman,,a,1,Coleman,402,142,420,152,293,93,402,136,,,,,,,,,,,2,8,,,,,,149.0,,
,,,,,,,,,,,,,222,0,0,132,4,145.7,18,0,34.9,139.8,979,0,0,0,0,0,64.0,2,11,0.82,0.70,1.52,14.69,2024-07-17T10:20:02.747027Z,100.0,100.0,80801,221,0,,,0,Idrissa,2.3,False,,2024-09-19T14:30:05.586621Z,,,2.0,Gueye,,a,26,Gana,210,86,124,90,206,119,190,101,,,,,,,,,,,3,8,,,,,,98.0,,
,,,,,,,,,,,,,223,0,0,36,1,20.9,4,0,7.9,54.0,251,0,0,0,0,0,5.0,1,2,0.05,0.05,0.10,4.49,2024-07-17T10:20:02.747838Z,0.0,0.0,232928,207,0,,,0,James,0.0,False,Back injury - Unknown return date,2024-10-17T14:00:07.870350Z,,,1.8,Garner,,i,7,Garner,332,157,326,183,371,200,355,177,,,,,,,,,,,3,8,,,,,,179.0,,
,,,,,,,,,,,,,224,1,0,75,2,130.0,12,0,30.5,70.6,662,0,0,0,0,0,112.0,0,7,1.57,0.85,2.42,12.36,2024-07-17T10:20:02.748878Z,100.0,100.0,221399,128,0,,,0,Jack,0.7,False,,2024-09-19T14:30:05.601507Z,,,1.8,Harrison,,a,24,Harrison,306,142,138,98,133,86,215,110,,,,,,,,,,,3,8,,,,,,109.0,,
,,,,,,,,,,,,,225,0,0,-1,0,0.0,1,0,0.0,0.0,5,0,0,0,0,0,0.0,0,0,0.00,0.00,0.00,0.07,2024-07-17T10:20:02.749828Z,0.0,0.0,194164,614,0,,,0,Mason,0.0,False,Loaned to West Bromwich Albion,2024-08-31T08:24:25.909228Z,,,1.0,Holgate,,u,1,Holgate,488,169,467,167,430,151,490,169,,,,,,,,,,,2,8,,,,,,150.0,,
,,,,,,,,,,,,,226,0,0,29,0,27.1,13,0,10.4,47.0,381,0,0,0,0,0,29.0,2,4,0.21,0.08,0.29,8.36,2024-07-17T10:20:02.751618Z,0.0,0.0,490094,488,0,,,0,Tim,0.0,False,Foot injury - Unknown return date,2024-10-17T14:00:07.887629Z,,,1.3,Iroegbunam,,i,8,Iroegbunam,343,162,308,179,277,152,337,170,,,,,,,,,,,3,8,,,,,,175.0,,
,,,,,,,,,,,,,227,0,0,0,0,0.0,0,0,0.0,0.0,0,0,0,0,0,0,0.0,0,0,0.00,0.00,0.00,0.00,2024-07-17T10:20:02.753021Z,,,222627,626,0,,,0,João,0.0,False,,,,,0.0,Neves Virgínia,,a,0,J.Virginia,471,36,448,13,408,3,473,36,,,,,,,,,,,1,8,,,,,,45.0,,
,,,,,,,,,,,,,228,0,3,89,2,22.9,16,2,33.0,221.6,810,0,0,0,0,0,84.0,4,9,0.43,0.02,0.45,14.16,2024-07-17T10:20:02.754092Z,50.0,50.0,106611,602,0,,,0,Michael,0.0,False,Knee injury - 50% chance of playing,2024-12-06T10:30:07.770742Z,,,3.6,Keane,,d,32,Keane,124,48,321,105,169,33,202,60,,,,,,,,,,,2,8,,,,,,44.0,,
,,,,,,,,,,,,,229,0,0,0,0,0.0,0,0,0.0,0.0,0,0,0,0,0,0,0.0,0,0,0.00,0.00,0.00,0.00,2024-07-17T10:20:02.755463Z,0.0,0.0,115382,215,0,,,0,Neal,0.0,False,Transferred to Marseille,2024-08-31T06:13:30.372925Z,,,0.0,Maupay,,u,0,Maupay,657,62,651,61,644,62,657,62,,,,,,,,,,,4,8,,,,,,58.0,,
,,,,,,,,,,,,,230,5,6,299,4,547.4,21,3,100.5,287.4,1140,0,0,0,0,0,169.0,1,13,0.87,3.96,4.82,17.67,2024-07-17T10:20:02.756555Z,100.0,100.0,433154,106,0,,,0,Dwight,4.7,False,,2024-11-07T23:00:07.825990Z,,,5.0,McNeil,,a,65,McNeil,67,22,3,3,85,52,18,14,,,,,,,,,,,3,8,,,,,,12.0,,
,,,,,,,,,,,,,231,1,3,129,4,128.6,17,0,31.9,144.6,1015,0,0,0,0,0,44.0,1,12,0.28,0.42,0.70,14.09,2024-07-17T10:20:02.757930Z,100.0,100.0,224967,376,0,,,0,Vitalii,5.3,False,,2024-10-07T00:30:07.641913Z,,,3.2,Mykolenko,,a,38,Mykolenko,205,79,143,29,242,71,208,64,,,,,,,,,,,2,8,,,,,,27.0,,
,,,,,,,,,,,,,232,0,6,198,7,167.0,13,2,61.1,229.6,1073,0,0,0,0,0,212.0,1,12,1.08,0.70,1.78,13.31,2024-07-17T10:20:02.759089Z,100.0,100.0,440993,161,0,,,0,Iliman,2.0,False,,2024-11-07T23:00:07.842947Z,,,2.8,Ndiaye,,a,39,Ndiaye,117,16,103,6,60,21,79,18,,,,,,,,,,,4,8,,,,,,21.0,,
,,,,,,,,,,,,,233,0,5,146,1,68.9,13,2,41.7,178.8,704,0,0,0,0,0,168.0,3,10,1.58,0.19,1.77,10.99,2024-07-17T10:20:02.760653Z,100.0,50.0,449871,228,0,,,0,Amadou,0.0,False,,2024-11-21T08:30:08.977638Z,,,3.1,Onana,,a,31,Onana,169,64,215,135,86,53,151,89,,,,,,,,,,,3,2,,,,,,76.0,,
,,,,,,,,,,,,,234,0,0,8,0,14.7,0,0,2.3,6.4,17,0,0,0,0,0,2.0,0,0,0.00,0.11,0.11,0.16,2024-07-17T10:20:02.761761Z,100.0,100.0,243571,454,0,,,0,Nathan,0.3,False,,2024-08-12T14:30:04.567805Z,,,1.0,Patterson,,a,1,Patterson,432,152,342,110,387,137,422,143,,,,,,,,,,,2,8,,,,,,151.0,,
2024-08-13T19:39:20.131084Z,235,283372.0,CripplingHannover96,3320868.0,33.0,48142.0,6.0,Ryan,McIntyre,4.0,,False,235,0,6,189,5,10.3,21,0,34.2,332.8,1260,0,0,1,0,36,0.0,1,14,0.00,0.09,0.09,18.55,2024-07-17T10:20:02.763075Z,,,111234,189,0,,,0,Jordan,4.0,False,,,,,4.1,Pickford,,a,58,Pickford,36,12,361,2,643,63,194,12,,,,,,,,,,,1,8,3.0,33.0,1.0,-2.0,12.0,4.0,-3.0,9.0
2024-08-13T20:08:21.064931Z,236,289293.0,*Stratford Sardines*,3320946.0,111.0,48142.0,3.0,Flat,7,13.0,,False,236,0,5,170,5,100.8,21,0,55.8,336.6,1251,0,0,0,0,0,118.0,3,14,0.74,1.05,1.79,18.55,2024-07-17T10:20:02.764198Z,100.0,100.0,17761,194,0,,,0,James,4.3,False,,2024-09-18T22:30:07.010253Z,,,3.1,Tarkowski,,a,43,Tarkowski,34,10,173,39,125,15,95,18,,,,,,,,,,,2,8,13.0,111.0,34.0,21.0,4.0,21.0,13.0,3.0
,,,,,,,,,,,,,237,0,0,0,0,0.0,0,0,0.0,0.0,0,0,0,0,0,0,0.0,0,0,0.00,0.00,0.00,0.00,2024-07-17T10:20:02.766311Z,0.0,0.0,491012,289,0,,,0,Youssef,0.0,False,Lack of match fitness - Unknown return date,2024-08-05T15:00:04.380259Z,,,0.0,Ramalho Chermiti,,i,0,Y. Chermiti,663,64,657,63,653,64,663,64,,,,,,,,,,,4,8,,,,,,59.0,,
,,,,,,,,,,,,,238,3,8,198,5,226.6,14,1,53.9,287.6,1037,0,0,0,1,0,24.0,3,12,0.18,1.31,1.49,13.70,2024-07-17T10:20:02.767889Z,100.0,100.0,18892,392,0,,,0,Ashley,7.7,False,,2024-08-17T20:00:05.873666Z,,,4.8,Young,,a,57,Young,65,21,60,11,289,90,100,20,,,,,,,,,,,2,8,,,,,,5.0,,
,,,,,,,,,,,,,239,3,3,165,3,249.1,12,1,65.1,175.4,813,0,0,0,0,0,226.0,2,10,2.77,2.04,4.81,10.99,2024-07-17T10:20:02.768937Z,,,159533,266,0,,,1,Adama,0.8,False,,,,,2.9,Traoré,,a,41,Adama,175,66,51,42,53,32,71,46,,,,,,,,,,,3,9,,,,,,46.0,,
,,,,,,,,,,,,,240,2,1,163,4,486.6,11,1,79.2,142.2,942,0,1,0,0,0,163.0,4,12,2.70,2.45,5.15,10.11,2024-07-17T10:20:02.770107Z,100.0,100.0,156689,102,0,,,1,Andreas,1.0,False,,2024-10-27T22:00:06.156705Z,,,2.5,Hoelgebaum Pereira,,a,35,Andreas,207,84,6,5,93,59,41,27,,,,,,,,,,,3,9,,,,,,66.0,,
,,,,,,,,,,,,,241,0,0,148,2,30.5,20,0,29.7,232.8,1350,0,0,0,0,0,34.0,5,15,0.28,0.12,0.40,18.08,2024-07-17T10:20:02.772198Z,0.0,,232892,407,0,,,1,Calvin,1.0,False,Suspended until 22 Dec,2024-12-09T09:30:06.333045Z,,,1.9,Bassey,,s,29,Bassey,113,42,299,90,262,79,217,67,,,,,,,,,,,2,9,,,,,,51.0,,
,,,,,,,,,,,,,242,0,0,0,0,0.0,0,0,0.0,0.0,0,0,0,0,0,0,0.0,0,0,0.00,0.00,0.00,0.00,2024-07-17T10:20:02.773823Z,,,428971,627,0,,,0,Steven,0.0,False,,,,,0.0,Benda,,a,0,Benda,501,52,480,30,444,20,503,52,,,,,,,,,,,1,9,,,,,,46.0,,
,,,,,,,,,,,,,243,0,0,61,0,89.9,5,1,18.8,71.4,169,0,0,0,1,0,25.0,2,0,0.03,0.65,0.68,3.04,2024-07-17T10:20:02.774748Z,0.0,0.0,76357,224,0,,,0,Tom,1.0,False,Suspended until 22 Dec,2024-12-02T00:00:08.212324Z,,,1.0,Cairney,,s,10,Cairney,302,138,188,121,287,158,287,145,,,,,,,,,,,3,9,,,,,,161.0,,
2024-08-13T20:13:24.856791Z,244,184679.0,Kernowfornia United,3320962.0,127.0,48142.0,1.0,Scott,Renfree-Tuck,15.0,,True,244,0,0,14,0,3.7,4,0,6.7,39.0,143,0,0,0,0,0,23.0,0,1,0.06,0.02,0.08,2.41,2024-07-17T10:20:02.775571Z,100.0,100.0,166477,374,0,,,0,Timothy,0.8,False,,2024-10-18T17:30:07.030897Z,,,1.0,Castagne,,a,5,Castagne,355,126,394,136,290,91,369,120,,,,,,,,,,,2,9,43.0,127.0,42.0,-1.0,23.0,126.0,-84.0,41.0
,,,,,,,,,,,,,245,0,0,63,0,24.6,8,0,23.6,138.8,660,1,0,0,0,0,75.0,1,7,0.51,0.02,0.53,8.79,2024-07-17T10:20:02.776399Z,,,219924,442,0,,,2,Issa,1.5,False,,,,,1.4,Diop,,a,14,Diop,211,81,315,100,187,42,260,85,,,,,,,,,,,2,9,,,,,,93.0,,
,,,,,,,,,,,,,246,0,0,0,0,0.0,0,0,0.0,0.0,0,0,0,0,0,0,0.0,0,0,0.00,0.00,0.00,0.00,2024-07-17T10:20:02.777432Z,0.0,0.0,515024,505,0,,,0,Luke,0.0,False,Season long loan to Birmingham City,2024-08-06T17:24:03.566492Z,,,0.0,Harris,,u,0,Harris,616,263,612,267,596,260,618,265,,,,,,,,,,,3,9,,,,,,262.0,,
,,,,,,,,,,,,,247,3,9,330,4,388.6,17,5,112.5,404.6,1300,0,0,0,0,0,331.0,1,15,1.86,3.24,5.10,17.00,2024-07-17T10:20:02.778239Z,,,153133,119,0,,,2,Alex,7.2,False,,,,,5.1,Iwobi,,a,76,Iwobi,15,7,18,15,31,16,9,7,,,,,,,,,,,3,9,,,,,,5.0,,
2024-08-13T20:05:15.856171Z,248,318371.0,Up the Ding,3320937.0,102.0,48142.0,3.0,Matthew,Stent,12.0,,False,248,1,2,192,2,10.0,20,0,37.7,368.6,1350,0,0,0,0,42,0.0,2,15,0.00,0.02,0.02,18.08,2024-07-17T10:20:02.779152Z,,,80201,190,0,,,3,Bernd,1.8,False,,,,,3.1,Leno,,a,46,Leno,25,7,367,7,657,65,178,6,,,,,,,,,,,1,9,8.0,102.0,10.0,2.0,8.0,9.0,1.0,7.0
,,,,,,,,,,,,,249,0,0,95,2,104.4,12,0,20.4,97.6,789,0,0,0,0,0,2.0,6,10,0.00,0.48,0.48,9.47,2024-07-17T10:20:02.779924Z,100.0,100.0,212314,258,0,,,1,Saša,1.0,False,,2024-12-02T00:00:08.228415Z,,,1.5,Lukić,,a,15,Lukić,268,121,168,110,397,211,275,139,,,,,,,,,,,3,9,,,,,,142.0,,
,,,,,,,,,,,,,250,0,0,0,0,0.0,0,0,0.0,0.0,0,0,0,0,0,0,0.0,0,0,0.00,0.00,0.00,0.00,2024-07-17T10:20:02.780698Z,0.0,0.0,120721,628,0,,,0,Kevin,0.0,False,Transferred to FC Midtjylland,2024-08-31T06:24:47.127908Z,,,0.0,Mbabu,,u,0,Mbabu,482,166,460,164,423,148,484,166,,,,,,,,,,,2,9,,,,,,177.0,,
2024-08-13T19:43:54.530016Z,251,324701.0,Eleven Hags,3320879.0,44.0,48142.0,8.0,Liam,Thaker,5.0,,False,251,1,1,88,1,66.3,8,1,32.0,77.8,441,0,0,0,0,0,176.0,1,4,1.61,0.09,1.70,5.92,2024-07-17T10:20:02.781489Z,,,244042,84,0,,,1,Rodrigo,1.2,False,,,,,1.8,Muniz Carvalho,,a,25,Muniz,292,27,221,27,81,27,207,27,,,,,,,,,,,4,9,21.0,44.0,13.0,-8.0,22.0,28.0,-15.0,21.0
,,,,,,,,,,,,,252,2,10,227,4,135.7,12,5,80.1,249.2,897,0,0,0,0,0,413.0,1,11,4.91,1.33,6.24,12.14,2024-07-17T10:20:02.782502Z,,,102057,138,0,,,8,Raúl,3.2,False,,,,,4.1,Jiménez,,a,61,Raúl,95,13,134,14,15,8,38,10,,,,,,,,,,,4,9,,,,,,12.0,,
,,,,,,,,,,,,,253,0,0,0,0,0.0,0,0,0.0,0.0,0,0,0,0,0,0,0.0,0,0,0.00,0.00,0.00,0.00,2024-07-17T10:20:02.783773Z,0.0,0.0,82514,445,0,,,0,Tim,0.0,False,Permanent transfer to Charlotte FC,2024-08-09T11:16:10.995330Z,,,0.0,Ream,,u,0,Ream,577,222,571,222,550,217,579,222,,,,,,,,,,,2,9,,,,,,178.0,,
,,,,,,,,,,,,,254,0,0,23,0,18.4,2,0,3.7,9.2,54,0,0,0,0,0,9.0,2,0,0.01,0.09,0.10,2.96,2024-07-17T10:20:02.785261Z,0.0,0.0,153366,247,0,,,0,Harrison,0.0,False,Knee injury - Expected back 05 Jan,2024-11-22T17:00:09.110556Z,,,0.8,Reed,,i,6,Reed,426,203,333,190,344,185,403,195,,,,,,,,,,,3,9,,,,,,186.0,,
2024-08-13T20:11:56.261570Z,255,289293.0,*Stratford Sardines*,3320959.0,124.0,48142.0,7.0,Flat,7,14.0,,False,255,4,5,214,2,242.2,20,0,69.8,376.6,1350,0,0,0,0,0,77.0,2,15,0.29,1.59,1.88,18.08,2024-07-17T10:20:02.786950Z,,,169528,375,0,,,1,Antonee,2.2,False,,,,,3.3,Robinson,,a,49,Robinson,20,5,54,9,183,40,55,7,,,,,,,,,,,2,9,9.0,124.0,40.0,31.0,2.0,12.0,28.0,2.0
,,,,,,,,,,,,,256,0,0,2,0,0.0,0,0,0.0,0.0,1,0,0,0,0,0,0.0,0,0,0.00,0.00,0.00,0.67,2024-07-17T10:20:02.788749Z,0.0,0.0,490146,308,0,,,0,Jay,0.0,False,Transferred to Birmingham City,2024-08-31T09:25:38.042723Z,,,1.0,Stansfield,,u,1,Stansfield,676,69,672,68,669,69,676,69,,,,,,,,,,,4,9,,,,,,50.0,,
,,,,,,,,,,,,,257,2,0,152,2,120.7,16,0,48.7,251.8,1208,0,0,0,0,0,115.0,3,14,1.02,0.44,1.46,15.69,2024-07-17T10:20:02.790571Z,,,167074,465,0,,,5,Kenny,2.5,False,,,,,2.6,Tete,,a,36,Tete,93,34,156,35,128,16,125,31,,,,,,,,,,,2,9,,,,,,31.0,,
,,,,,,,,,,,,,258,0,0,0,0,0.0,0,0,0.0,0.0,0,0,0,0,0,0,0.0,0,0,0.00,0.00,0.00,0.00,2024-07-17T10:20:02.807498Z,100.0,100.0,245824,282,0,,,0,Carlos Vinícius,0.0,False,,2024-09-13T15:30:06.747794Z,,,0.0,Alves Morais,,a,0,Vinicius,669,66,665,65,662,66,669,66,,,,,,,,,,,4,9,,,,,,60.0,,
,,,,,,,,,,,,,259,0,3,96,0,42.9,5,3,24.4,113.6,241,0,0,0,0,0,91.0,2,1,0.95,0.18,1.13,4.39,2024-07-17T10:20:02.810810Z,,,153682,127,0,,,1,Harry,1.2,False,,,,,2.5,Wilson,,a,28,Wilson,244,104,277,169,158,99,255,126,,,,,,,,,,,3,9,,,,,,88.0,,
,,,,,,,,,,,,,260,0,0,11,0,12.4,3,0,2.2,5.4,61,0,0,0,0,0,4.0,2,0,0.00,0.03,0.03,2.16,2024-07-17T10:20:02.812605Z,100.0,100.0,462387,309,0,,,1,Ali,0.6,False,,2024-10-05T09:30:06.031534Z,,,0.7,Al-Hamadi,,a,4,Al-Hamadi,436,43,352,39,375,46,425,43,,,,,,,,,,,4,10,,,,,,43.0,,
,,,,,,,,,,,,,261,0,0,0,0,0.0,0,0,0.0,0.0,0,0,0,0,0,0,0.0,0,0,0.00,0.00,0.00,0.00,2024-07-17T10:20:02.813661Z,0.0,0.0,517178,630,0,,,0,Elkan,0.0,False,Season long loan to Blackpool,2024-08-07T08:20:38.133494Z,,,0.0,Baggott,,u,0,Baggott,528,191,508,189,473,175,530,191,,,,,,,,,,,2,10,,,,,,179.0,,
,,,,,,,,,,,,,262,0,0,12,0,2.2,0,0,1.1,6.4,35,0,0,0,0,0,2.0,0,0,0.00,0.00,0.00,0.44,2024-07-17T10:20:02.815219Z,100.0,100.0,173818,310,0,,,0,Nathan,0.4,False,,2024-11-13T14:30:07.893005Z,,,1.0,Broadhead,,a,2,Broadhead,433,206,406,211,398,212,442,212,,,,,,,,,,,3,10,,,,,,205.0,,
,,,,,,,,,,,,,263,1,0,61,0,40.3,12,0,26.5,154.6,630,0,0,0,0,0,69.0,0,7,0.55,0.22,0.77,14.98,2024-07-17T10:20:02.816314Z,,,122411,631,0,,,4,Cameron,2.0,False,,,,,1.9,Burgess,,a,13,Burgess,197,77,284,82,197,47,240,77,,,,,,,,,,,2,10,,,,,,99.0,,
,,,,,,,,,,,,,264,1,0,91,0,114.0,15,0,20.7,69.6,569,0,0,0,0,0,31.0,1,7,0.30,0.69,0.99,16.54,2024-07-17T10:20:02.817946Z,100.0,100.0,149929,311,0,,,1,Wes,1.8,False,,2024-11-13T14:30:07.906131Z,,,1.6,Burns,,a,19,Burns,307,143,162,106,270,148,270,135,,,,,,,,,,,3,10,,,,,,122.0,,
,,,,,,,,,,,,,265,1,0,94,1,85.3,7,1,24.9,88.8,470,0,0,0,0,0,79.0,1,5,0.99,0.34,1.33,11.85,2024-07-17T10:20:02.819161Z,,,196411,162,0,,,7,Conor,2.2,False,,,,,2.0,Chaplin,,a,26,Chaplin,280,127,193,124,177,108,252,125,,,,,,,,,,,3,10,,,,,,99.0,,
,,,,,,,,,,,,,266,0,0,-6,0,8.1,5,0,6.7,27.0,196,1,0,0,1,0,35.0,0,2,0.08,0.06,0.14,5.50,2024-07-17T10:20:02.821274Z,100.0,100.0,232228,632,0,,,0,Harry,0.6,False,,2024-10-26T20:00:07.408041Z,,,-0.2,Clarke,,a,-1,H.Clarke,375,133,374,121,260,78,367,118,,,,,,,,,,,2,10,,,,,,231.0,,
2024-08-13T20:03:31.378962Z,267,324701.0,Eleven Hags,3320933.0,98.0,48142.0,8.0,Liam,Thaker,11.0,,False,267,2,5,162,1,505.6,27,1,86.8,281.0,1350,0,0,0,0,0,81.0,2,15,0.59,3.18,3.77,32.32,2024-07-17T10:20:02.822672Z,,,455084,529,0,,,1,Leif,1.6,False,,,,,2.6,Davis,,a,39,Davis,71,24,5,1,172,35,31,3,,,,,,,,,,,2,10,15.0,98.0,29.0,14.0,8.0,26.0,3.0,10.0
2024-08-13T20:11:49.334239Z,268,317751.0,Some Solanke-Panky?,3320957.0,122.0,48142.0,5.0,Alex,Turnbull,14.0,,False,268,1,7,204,2,163.9,20,6,73.9,247.2,1103,0,0,0,0,0,332.0,4,14,4.18,0.45,4.63,23.65,2024-07-17T10:20:02.826054Z,,,463034,163,0,,,1,Liam,3.6,False,,,,,3.9,Delap,,a,58,Delap,97,14,106,7,29,15,46,13,,,,,,,,,,,4,10,10.0,122.0,27.0,17.0,2.0,14.0,13.0,3.0
,,,,,,,,,,,,,269,0,0,3,0,0.0,0,0,0.0,0.0,1,0,0,0,0,0,0.0,0,0,0.00,0.00,0.00,0.00,2024-07-17T10:20:02.827219Z,0.0,0.0,214964,633,0,,,0,George,0.0,False,Loaned to Middlesbrough,2024-08-31T08:22:49.668219Z,,,1.0,Edmundson,,u,1,Edmundson,496,174,475,172,438,156,498,174,,,,,,,,,,,2,10,,,,,,152.0,,
,,,,,,,,,,,,,270,0,0,58,1,5.9,15,0,24.9,179.8,720,0,0,0,0,0,63.0,2,8,0.43,0.02,0.45,17.34,2024-07-17T10:20:02.828376Z,100.0,100.0,449429,634,0,,,0,Jacob,0.2,False,,2024-11-22T17:30:09.014564Z,,,1.5,Greaves,,a,12,Greaves,168,66,386,129,207,54,250,80,,,,,,,,,,,2,10,,,,,,101.0,,
,,,,,,,,,,,,,271,0,0,4,0,1.9,2,0,1.7,9.4,43,0,0,0,0,0,6.0,0,0,0.00,0.05,0.05,1.36,2024-07-17T10:20:02.829393Z,0.0,0.0,167191,312,0,,,0,Marcus,0.0,False,Loaned to Derby County,2024-08-31T08:21:56.022360Z,,,1.0,Myers-Harness,,u,2,Harness,424,201,408,212,365,196,435,208,,,,,,,,,,,3,10,,,,,,206.0,,
,,,,,,,,,,,,,272,1,2,56,0,37.0,4,1,16.7,60.2,174,0,0,0,0,0,68.0,1,1,0.77,0.10,0.87,6.50,2024-07-17T10:20:02.830308Z,0.0,0.0,222625,164,0,,,0,George,0.2,False,Knee injury - Expected back 16 Jan,2024-11-22T17:00:09.158802Z,,,2.1,Hirst,,i,17,Hirst,327,31,289,33,202,34,302,33,,,,,,,,,,,4,10,,,,,,32.0,,
,,,,,,,,,,,,,273,0,0,0,0,0.0,0,0,0.0,0.0,0,0,0,0,0,0,0.0,0,0,0.00,0.00,0.00,0.00,2024-07-17T10:20:02.831283Z,0.0,0.0,524180,530,0,,,0,Cameron,0.0,False,Loaned to Wycombe,2024-08-23T12:39:48.370081Z,,,0.0,Humphreys,,u,0,Humphreys,620,267,616,271,600,264,622,269,,,,,,,,,,,3,10,,,,,,263.0,,
,,,,,,,,,,,,,274,1,3,129,2,192.7,21,1,53.7,156.2,1222,0,0,0,0,0,186.0,4,14,0.97,1.15,2.12,26.03,2024-07-17T10:20:02.832275Z,100.0,100.0,503301,165,0,,,2,Omari,3.2,False,,2024-11-20T14:00:07.757189Z,,,2.6,Giraud-Hutchinson,,a,37,Hutchinson,195,77,82,64,71,44,103,62,,,,,,,,,,,3,10,,,,,,54.0,,
,,,,,,,,,,,,,275,1,0,24,0,45.4,14,0,17.3,116.0,491,0,0,0,0,0,11.0,1,5,0.04,0.24,0.28,16.08,2024-07-17T10:20:02.833169Z,100.0,100.0,222018,604,0,,,1,Ben,0.4,False,,2024-11-25T09:30:07.489482Z,,,1.1,Johnson,,a,8,Johnson,240,91,273,76,329,108,295,96,,,,,,,,,,,2,10,,,,,,118.0,,
,,,,,,,,,,,,,276,0,0,0,0,0.0,0,0,0.0,0.0,0,0,0,0,0,0,0.0,0,0,0.00,0.00,0.00,0.00,2024-07-17T10:20:02.834090Z,0.0,0.0,94926,531,0,,,0,Freddie,0.0,False,Mutual termination of contract,2024-08-31T06:23:26.859072Z,,,0.0,Ladapo,,u,0,Ladapo,578,49,572,49,551,49,580,49,,,,,,,,,,,4,10,,,,,,61.0,,
,,,,,,,,,,,,,277,0,0,26,0,4.3,4,0,3.0,25.0,143,0,0,0,0,0,0.0,0,2,0.00,0.00,0.00,5.08,2024-07-17T10:20:02.835122Z,100.0,100.0,106606,532,0,,,0,Massimo,0.2,False,,2024-10-08T11:00:07.389122Z,,,1.4,Luongo,,a,7,Luongo,379,176,389,207,526,219,408,196,,,,,,,,,,,3,10,,,,,,180.0,,
,,,,,,,,,,,,,278,1,5,222,1,172.9,23,1,42.1,227.8,1253,0,0,0,0,0,21.0,4,14,0.29,0.86,1.15,27.96,2024-07-17T10:20:02.837318Z,100.0,100.0,74944,313,0,,,2,Sam,2.0,False,,2024-10-26T20:00:07.464596Z,,,2.7,Morsy,,a,38,Morsy,119,41,96,72,299,164,145,85,,,,,,,,,,,3,10,,,,,,51.0,,
,,,,,,,,,,,,,279,0,0,0,0,0.0,0,0,0.0,0.0,0,0,0,0,0,0,0.0,0,0,0.00,0.00,0.00,0.00,2024-07-17T10:20:02.840167Z,0.0,0.0,246265,635,0,,,0,Corrie,0.0,False,Permanent transfer to Kilmarnock,2024-08-01T06:52:12.954431Z,,,0.0,Ndaba,,u,0,Ndaba,499,176,478,174,442,159,501,176,,,,,,,,,,,2,10,,,,,,180.0,,
,,,,,,,,,,,,,280,0,0,0,0,0.0,0,0,0.0,0.0,0,0,0,0,0,0,0.0,0,0,0.00,0.00,0.00,0.00,2024-07-17T10:20:02.842515Z,,,434044,636,0,,,0,Cieran,0.0,False,,,,,0.0,Slicker,,a,0,Slicker,502,53,482,32,446,22,504,53,,,,,,,,,,,1,10,,,,,,47.0,,
,,,,,,,,,,,,,281,0,0,41,0,75.8,3,0,17.0,49.4,283,0,0,0,0,0,46.0,2,1,0.42,0.69,1.11,5.89,2024-07-17T10:20:02.843840Z,100.0,100.0,231899,314,0,,,2,Jack,1.0,False,,2024-11-22T17:30:09.045912Z,,,0.9,Taylor,,a,9,Taylor,337,160,207,132,239,132,299,149,,,,,,,,,,,3,10,,,,,,169.0,,
,,,,,,,,,,,,,282,0,0,54,1,48.3,13,0,18.9,122.2,770,0,0,0,0,0,19.0,3,9,0.18,0.05,0.23,15.48,2024-07-17T10:20:02.845247Z,0.0,0.0,180804,637,0,,,0,Axel,0.8,False,Hamstring injury - Unknown return date,2024-11-30T22:00:07.627808Z,,,1.7,Tuanzebe,,i,15,Tuanzebe,235,89,263,70,304,96,285,92,,,,,,,,,,,2,10,,,,,,89.0,,
,,,,,,,,,,,,,283,0,0,9,0,0.0,2,0,2.8,28.2,90,0,0,0,0,3,0.0,0,1,0.00,0.00,0.00,2.65,2024-07-17T10:20:02.847481Z,,,108813,533,0,,,0,Christian,0.0,False,,,,,2.0,Walton,,a,2,Walton,373,31,539,53,510,45,413,31,,,,,,,,,,,1,10,,,,,,32.0,,
,,,,,,,,,,,,,284,0,0,23,0,2.8,10,0,8.2,72.2,377,0,0,0,0,0,6.0,1,4,0.03,0.01,0.04,9.44,2024-07-17T10:20:02.848852Z,,,220583,638,0,,,0,Luke,0.0,False,,,,,0.8,Woolfenden,,a,4,Woolfenden,299,105,400,140,356,120,352,113,,,,,,,,,,,2,10,,,,,,127.0,,
,,,,,,,,,,,,,285,0,0,60,0,45.1,12,0,11.7,61.8,471,0,0,0,0,0,10.0,5,5,0.08,0.33,0.41,11.32,2024-07-17T10:20:02.849872Z,0.0,,225902,534,0,,,1,Boubakary,1.4,False,Suspended until 22 Dec,2024-12-09T09:30:06.376244Z,,,1.0,Soumaré,,s,9,B.Soumaré,322,153,274,168,338,182,327,162,,,,,,,,,,,3,11,,,,,,170.0,,
,,,,,,,,,,,,,286,0,0,0,0,0.0,0,0,0.0,0.0,0,0,0,0,0,0,0.0,0,0,0.00,0.00,0.00,0.00,2024-07-17T10:20:02.850872Z,0.0,0.0,461416,535,0,,,0,Tom,0.0,False,Loaned to Stoke City,2024-08-31T06:20:48.397195Z,,,0.0,Cannon,,u,0,Cannon,596,52,591,52,573,52,598,52,,,,,,,,,,,4,11,,,,,,62.0,,
,,,,,,,,,,,,,287,0,0,4,0,0.0,1,0,0.3,3.0,14,0,0,0,0,0,0.0,0,0,0.00,0.00,0.00,1.03,2024-07-17T10:20:02.852125Z,100.0,100.0,197469,536,0,,,0,Hamza,0.0,False,,2024-10-04T00:00:05.751780Z,,,1.0,Choudhury,,a,1,Choudhury,451,216,544,229,516,218,462,222,,,,,,,,,,,3,11,,,,,,217.0,,
,,,,,,,,,,,,,288,0,0,16,0,2.4,8,0,6.8,66.2,277,0,0,0,0,0,0.0,1,3,0.00,0.02,0.02,8.03,2024-07-17T10:20:02.854830Z,100.0,100.0,94147,639,0,,,1,Conor,0.6,False,,2024-08-12T14:30:04.626270Z,,,0.8,Coady,,a,3,Coady,314,108,404,143,420,146,366,117,,,,,,,,,,,2,11,,,,,,130.0,,
,,,,,,,,,,,,,289,0,2,41,0,6.0,1,1,8.0,40.4,76,0,0,0,0,0,34.0,0,0,0.21,0.00,0.21,1.81,2024-07-17T10:20:02.855758Z,100.0,100.0,245419,315,0,,,1,Patson,2.0,False,,2024-08-12T14:30:04.636525Z,,,2.5,Daka,,a,10,Daka,353,35,385,43,263,39,353,37,,,,,,,,,,,4,11,,,,,,36.0,,
,,,,,,,,,,,,,290,2,2,76,0,18.5,6,1,10.5,46.2,224,0,0,0,0,0,40.0,0,2,0.72,0.07,0.79,5.59,2024-07-17T10:20:02.856510Z,100.0,100.0,96994,129,0,,,11,Bobby,3.4,False,,2024-11-08T16:00:07.429188Z,,,2.5,De Cordova-Reid,,a,25,De Cordova-Reid,344,163,332,189,253,141,336,169,,,,,,,,,,,3,11,,,,,,105.0,,
,,,,,,,,,,,,,291,0,0,95,1,34.4,28,1,43.1,323.4,1209,0,0,0,0,0,73.0,2,13,0.94,0.18,1.12,27.30,2024-07-17T10:20:02.859286Z,,,218218,640,0,,,1,Wout,0.6,False,,,,,1.7,Faes,,a,25,Faes,43,13,292,87,190,43,141,36,,,,,,,,,,,2,11,,,,,,61.0,,
,,,,,,,,,,,,,292,0,0,0,0,0.0,0,0,0.0,0.0,0,0,0,0,0,0,0.0,0,0,0.00,0.00,0.00,0.00,2024-07-17T10:20:02.861857Z,,,549640,537,0,,,0,Michael,0.0,False,,,,,0.0,Golding,,a,0,Golding,572,233,566,237,544,228,574,235,,,,,,,,,,,3,11,,,,,,264.0,,
,,,,,,,,,,,,,293,0,0,155,1,0.2,30,0,49.1,490.2,1350,0,0,0,0,61,0.0,0,15,0.00,0.01,0.01,30.34,2024-07-17T10:20:02.863317Z,,,467189,538,0,,,2,Mads,1.8,False,,,,,2.4,Hermansen,,a,36,Hermansen,7,2,441,10,579,57,123,2,,,,,,,,,,,1,11,,,,,,14.0,,
,,,,,,,,,,,,,294,0,0,0,0,0.0,0,0,0.0,0.0,0,0,0,0,0,0,0.0,0,0,0.00,0.00,0.00,0.00,2024-07-17T10:20:02.864835Z,,,207270,641,0,,,0,Daniel,0.0,False,,,,,0.0,Iversen,,a,0,Iversen,493,48,472,26,435,16,495,48,,,,,,,,,,,1,11,,,,,,48.0,,
,,,,,,,,,,,,,295,1,2,120,1,85.9,29,2,50.0,310.8,1252,0,0,0,0,0,103.0,2,14,0.62,0.21,0.83,29.30,2024-07-17T10:20:02.866289Z,,,220627,539,0,,,1,James,0.8,False,,,,,2.5,Justin,,a,35,Justin,49,15,190,46,141,21,117,28,,,,,,,,,,,2,11,,,,,,34.0,,
,,,,,,,,,,,,,296,1,0,129,1,221.3,23,0,50.8,281.6,1127,1,0,0,0,0,6.0,1,13,0.00,0.90,0.90,25.76,2024-07-17T10:20:02.904702Z,100.0,100.0,481510,540,0,,,1,Victor,1.2,False,,2024-10-27T22:00:06.301413Z,,,1.5,Kristiansen,,a,20,Kristiansen,70,23,65,13,362,125,115,27,,,,,,,,,,,2,11,,,,,,69.0,,
,,,,,,,,,,,,,297,0,0,0,0,0.0,0,0,0.0,0.0,0,0,0,0,0,0,0.0,0,0,0.00,0.00,0.00,0.00,2024-07-17T10:20:02.906844Z,0.0,0.0,461584,541,0,,,0,Wanya,0.0,False,Loaned to De Graafschap,2024-08-31T06:21:32.289998Z,,,0.0,Marçal-Madivádua,,u,0,Marcal,598,248,593,252,575,245,600,250,,,,,,,,,,,3,11,,,,,,265.0,,
,,,,,,,,,,,,,298,0,3,115,1,194.8,13,2,46.8,145.2,697,0,0,0,0,0,132.0,2,7,1.07,2.20,3.27,14.69,2024-07-17T10:20:02.909368Z,,,154048,166,0,,,1,Stephy,0.8,False,,,,,2.4,Mavididi,,a,33,Mavididi,204,82,79,62,115,75,134,77,,,,,,,,,,,3,11,,,,,,72.0,,
,,,,,,,,,,,,,299,1,0,45,1,31.6,2,0,11.9,47.8,240,0,0,0,0,0,42.0,0,3,0.50,0.07,0.57,5.36,2024-07-17T10:20:02.910913Z,,,461587,316,0,,,2,Kasey,2.2,False,,,,,1.9,McAteer,,a,15,McAteer,342,161,296,174,247,137,325,160,,,,,,,,,,,3,11,,,,,,143.0,,
,,,,,,,,,,,,,300,4,1,204,1,155.6,25,0,66.8,326.6,1216,1,0,0,0,0,187.0,4,15,1.53,1.13,2.66,26.39,2024-07-17T10:20:02.911691Z,75.0,,203341,317,0,,,1,Wilfred,1.6,False,Hamstring injury - 75% chance of playing,2024-12-09T09:30:06.387859Z,,,2.5,Ndidi,,d,37,Ndidi,39,12,118,85,70,43,66,42,,,,,,,,,,,3,11,,,,,,55.0,,
,,,,,,,,,,,,,301,0,1,74,1,7.1,17,0,26.0,217.4,754,0,0,0,0,0,36.0,1,9,0.14,0.04,0.18,18.90,2024-07-17T10:20:02.913648Z,100.0,100.0,473341,642,0,,,0,Caleb,0.2,False,,2024-11-30T22:00:07.641824Z,,,1.6,Okoli,,a,14,Okoli,129,52,378,125,257,77,246,78,,,,,,,,,,,2,11,,,,,,94.0,,
,,,,,,,,,,,,,302,0,0,10,0,5.7,4,0,2.2,13.8,146,0,0,0,0,0,2.0,1,2,0.00,0.03,0.03,2.08,2024-07-17T10:20:02.914835Z,0.0,0.0,111931,542,0,,,0,Ricardo,0.0,False,Hamstring injury - Expected back 01 Mar,2024-11-10T23:00:07.847243Z,,,1.0,Barbosa Pereira,,i,2,Ricardo,409,146,387,130,383,133,423,144,,,,,,,,,,,2,11,,,,,,138.0,,
,,,,,,,,,,,,,303,0,0,0,0,0.0,0,0,0.0,0.0,0,0,0,0,0,0,0.0,0,0,0.00,0.00,0.00,0.00,2024-07-17T10:20:02.915897Z,0.0,0.0,194190,643,0,,,0,Harry,0.0,False,Season long loan to Sheffield United,2024-08-07T08:21:01.638839Z,,,0.0,Souttar,,u,0,Souttar,489,170,468,168,431,152,491,170,,,,,,,,,,,2,11,,,,,,181.0,,
,,,,,,,,,,,,,304,0,0,0,0,0.0,0,0,0.0,0.0,0,0,0,0,0,0,0.0,0,0,0.00,0.00,0.00,0.00,2024-07-17T10:20:02.917009Z,0.0,0.0,436680,644,0,,,0,Jakub,0.0,False,Ankle injury - Expected back 25 Jan,2024-07-25T11:00:04.015354Z,,,0.0,Stolarczyk,,i,0,Stolarczyk,503,54,483,33,447,23,505,54,,,,,,,,,,,1,11,,,,,,49.0,,
,,,,,,,,,,,,,305,0,0,-1,0,13.3,4,0,3.1,7.8,90,0,0,0,0,0,10.0,0,1,0.02,0.03,0.05,2.40,2024-07-17T10:20:02.918115Z,,,244619,606,0,,,0,Luke,0.0,False,,,,,0.0,Thomas,,a,0,Thomas,429,150,349,115,336,114,407,140,,,,,,,,,,,2,11,,,,,,182.0,,
,,,,,,,,,,,,,306,3,10,251,1,123.9,26,6,68.6,290.6,1133,0,0,0,0,0,273.0,4,14,4.64,1.51,6.15,27.18,2024-07-17T10:20:02.919749Z,100.0,100.0,101668,167,0,,,12,Jamie,4.6,False,,2024-11-10T23:00:07.879182Z,,,4.7,Vardy,,a,66,Vardy,64,11,150,18,41,16,61,15,,,,,,,,,,,4,11,,,,,,9.0,,
,,,,,,,,,,,,,307,0,0,49,0,17.5,11,0,15.3,126.0,554,0,0,0,0,0,9.0,1,6,0.01,0.04,0.05,8.92,2024-07-17T10:20:02.923741Z,100.0,100.0,93100,645,0,,,1,Jannik,0.6,False,,2024-10-24T16:30:05.805561Z,,,1.0,Vestergaard,,a,7,Vestergaard,232,88,335,108,341,116,311,101,,,,,,,,,,,2,11,,,,,,122.0,,
,,,,,,,,,,,,,308,0,0,0,0,0.0,0,0,0.0,0.0,0,0,0,0,0,0,0.0,0,0,0.00,0.00,0.00,0.00,2024-07-17T10:20:02.925908Z,,,95463,646,0,,,0,Danny,0.0,False,,,,,0.0,Ward,,a,0,Ward,481,43,459,20,421,10,483,43,,,,,,,,,,,1,11,,,,,,50.0,,
,,,,,,,,,,,,,309,2,0,160,0,209.7,19,0,40.0,168.0,865,0,0,0,0,0,21.0,3,10,0.16,1.18,1.34,16.72,2024-07-17T10:20:02.927063Z,25.0,25.0,157668,543,0,,,0,Harry,0.6,False,Groin Injury - 25% chance of playing,2024-11-23T17:30:08.809600Z,,,2.1,Winks,,d,23,Winks,179,70,69,54,295,161,166,95,,,,,,,,,,,3,11,,,,,,110.0,,
2024-08-13T19:47:28.931634Z,310,228518.0,Boom Boom Eagle FC,3320888.0,53.0,48142.0,8.0,Sam,Thorpe,6.0,,False,310,0,5,131,4,0.0,2,0,12.6,126.8,528,0,0,0,0,15,0.0,0,6,0.00,0.00,0.00,3.74,2024-07-17T10:20:02.927930Z,100.0,0.0,116535,117,0,,,0,Alisson,0.0,False,,2024-10-05T14:00:07.200306Z,,,5.8,Ramses Becker,,a,35,A.Becker,231,24,680,71,677,70,320,24,,,,,,,,,,,1,12,12.0,53.0,3.0,-9.0,17.0,16.0,-13.0,14.0
2024-08-13T19:31:10.889396Z,311,325685.0,TAA very much,3320841.0,6.0,48142.0,6.0,James,Mason,1.0,,False,311,3,8,252,6,360.8,7,0,66.4,241.6,961,0,0,0,0,0,62.0,3,12,0.45,3.39,3.84,8.44,2024-07-17T10:20:02.928895Z,100.0,100.0,169187,30,0,,,0,Trent,4.7,True,,2024-11-10T01:30:08.685145Z,,,4.7,Alexander-Arnold,,a,61,Alexander-Arnold,103,39,22,3,211,56,67,10,,,,,,,,,,,2,12,2.0,6.0,1.0,-1.0,24.0,2.0,-1.0,15.0
,,,,,,,,,,,,,312,0,0,0,0,0.0,0,0,0.0,0.0,0,0,0,0,0,0,0.0,0,0,0.00,0.00,0.00,0.00,2024-07-17T10:20:02.929850Z,0.0,0.0,535928,510,0,,,0,Stefan,0.0,False,Loaned to RB Salzburg,2024-08-31T06:19:45.092198Z,,,0.0,Bajčetić Maquieira,,u,0,Bajcetic,626,272,622,276,606,269,628,274,,,,,,,,,,,3,12,,,,,,266.0,,
,,,,,,,,,,,,,313,0,0,40,1,14.7,3,0,12.4,34.0,231,0,0,0,0,0,76.0,1,1,0.41,0.19,0.60,3.38,2024-07-17T10:20:02.930730Z,0.0,0.0,492777,245,0,,,0,Conor,0.0,False,Hamstring injury - Unknown return date,2024-11-28T10:30:07.495614Z,,,1.6,Bradley,,i,11,Bradley,363,129,343,111,185,41,321,105,,,,,,,,,,,2,12,,,,,,105.0,,
,,,,,,,,,,,,,314,1,1,95,0,59.5,12,1,28.3,106.2,394,0,0,0,0,0,120.0,1,3,1.64,0.51,2.15,10.94,2024-07-17T10:20:02.931590Z,,,244858,318,0,,,2,Fábio,1.0,False,,,,,1.8,Freitas Gouveia Carvalho,,a,25,Carvalho,253,109,239,148,124,80,230,118,,,,,,,,,,,3,4,,,,,,106.0,,
,,,,,,,,,,,,,315,0,0,0,0,0.0,0,0,0.0,0.0,0,0,0,0,0,0,0.0,0,0,0.00,0.00,0.00,0.00,2024-07-17T10:20:02.932305Z,0.0,0.0,491970,494,0,,,0,Bobby,0.0,False,Transferred to RB Salzburg,2024-08-22T11:22:35.466323Z,,,0.0,Clark,,u,0,Clark,609,256,605,260,589,253,611,258,,,,,,,,,,,3,12,,,,,,267.0,,
2024-08-13T19:34:17.542855Z,316,289293.0,*Stratford Sardines*,3320851.0,16.0,48142.0,7.0,Flat,7,2.0,,False,316,1,1,119,2,72.9,10,2,38.2,130.0,619,0,0,0,0,0,182.0,3,6,2.07,0.24,2.31,9.22,2024-07-17T10:20:02.933661Z,,,447203,19,0,,,0,Darwin,1.3,False,,,,,2.5,Núñez Ribeiro,,a,27,Darwin,225,23,210,26,75,25,177,26,,,,,,,,,,,4,12,20.0,16.0,6.0,-14.0,25.0,27.0,-21.0,22.0
2024-08-13T19:34:09.116144Z,317,283372.0,CripplingHannover96,3320850.0,15.0,48142.0,6.0,Ryan,McIntyre,2.0,,False,317,3,1,85,4,55.1,1,2,31.6,105.0,492,0,0,0,0,0,157.0,1,7,2.72,0.32,3.04,3.14,2024-07-17T10:20:02.935319Z,25.0,25.0,194634,21,0,,,0,Diogo,0.0,False,Rib Injury - 25% chance of playing,2024-10-20T21:30:07.041173Z,,,5.0,Teixeira da Silva,,d,35,Diogo J.,255,111,251,155,97,62,210,106,,,,,,,,,,,3,12,29.0,15.0,8.0,-21.0,43.0,67.0,-59.0,33.0
,,,,,,,,,,,,,318,0,0,0,0,0.0,0,0,0.0,0.0,0,0,0,0,0,0,0.0,0,0,0.00,0.00,0.00,0.00,2024-07-17T10:20:02.936810Z,0.0,0.0,496208,511,0,,,0,Ben,0.0,False,Loaned to Middlesbrough,2024-08-31T06:17:31.171503Z,,,0.0,Doak,,u,0,Doak,612,259,608,263,592,256,614,261,,,,,,,,,,,3,12,,,,,,268.0,,
,,,,,,,,,,,,,319,0,0,8,0,2.3,0,0,0.6,2.0,8,0,0,0,0,0,2.0,0,0,0.00,0.02,0.02,0.05,2024-07-17T10:20:02.939158Z,100.0,100.0,444884,126,0,,,0,Harvey,0.3,False,,2024-09-08T23:00:06.842081Z,,,1.0,Elliott,,a,2,Elliott,458,220,405,210,402,215,455,219,,,,,,,,,,,3,12,,,,,,207.0,,
,,,,,,,,,,,,,320,0,0,20,0,11.6,0,0,2.6,12.2,20,0,0,0,0,0,2.0,0,0,0.00,0.01,0.01,0.22,2024-07-17T10:20:02.941221Z,,,158983,248,0,,,0,Endo,0.3,False,,,,,1.0,Wataru,,a,6,Endo,410,193,354,199,395,209,417,202,,,,,,,,,,,3,12,,,,,,187.0,,
2024-08-13T19:42:55.851569Z,321,325685.0,TAA very much,3320877.0,42.0,48142.0,6.0,James,Mason,5.0,,False,321,1,6,155,2,163.7,7,2,49.6,146.6,613,0,0,0,0,0,185.0,3,6,2.25,0.77,3.01,7.20,2024-07-17T10:20:02.942683Z,,,243298,22,0,,,0,Cody,4.0,False,,,,,2.4,Gakpo,,a,34,Gakpo,203,22,107,8,73,24,121,21,,,,,,,,,,,4,12,17.0,42.0,12.0,-5.0,18.0,24.0,-12.0,19.0
,,,,,,,,,,,,,322,0,0,52,1,1.7,2,0,11.7,64.4,211,0,0,0,0,0,50.0,0,2,0.30,0.01,0.31,2.51,2024-07-17T10:20:02.943595Z,,,171287,216,0,,,0,Joe,2.3,False,,,,,2.0,Gomez,,a,10,Gomez,319,110,413,148,228,68,328,108,,,,,,,,,,,2,12,,,,,,109.0,,
,,,,,,,,,,,,,323,1,1,232,7,169.6,10,0,41.8,199.2,1236,0,0,0,0,0,49.0,4,14,0.62,1.43,2.05,12.71,2024-07-17T10:20:02.944574Z,,,441266,251,0,,,0,Ryan,2.7,False,,,,,2.5,Gravenberch,,a,35,Gravenberch,144,52,99,74,232,127,149,87,,,,,,,,,,,3,12,,,,,,68.0,,
,,,,,,,,,,,,,324,2,3,171,2,99.5,8,2,46.4,177.8,564,0,0,0,0,0,186.0,0,6,1.92,0.20,2.12,7.98,2024-07-17T10:20:02.945653Z,100.0,100.0,206915,145,0,,,0,Curtis,3.3,False,,2024-08-27T11:00:05.666567Z,,,3.5,Jones,,a,38,Jones,171,65,174,114,72,45,136,79,,,,,,,,,,,3,12,,,,,,52.0,,
,,,,,,,,,,,,,325,0,1,127,3,0.0,9,0,19.7,196.8,720,0,0,1,0,24,0.0,0,8,0.00,0.00,0.00,9.68,2024-07-17T10:20:02.946662Z,,,200720,455,0,,,0,Caoimhin,5.3,False,,,,,4.6,Kelleher,,a,37,Kelleher,150,18,643,65,629,60,280,19,,,,,,,,,,,1,12,,,,,,12.0,,
,,,,,,,,,,,,,326,1,1,200,5,46.9,8,1,34.2,228.8,974,0,0,0,0,0,65.0,4,11,0.88,0.15,1.03,9.92,2024-07-17T10:20:02.948114Z,0.0,0.0,204716,242,0,,,0,Ibrahima,0.0,False,Knee injury - Unknown return date,2024-11-28T10:30:07.514061Z,,,3.8,Konaté,,i,46,Konaté,118,45,269,74,204,53,195,55,,,,,,,,,,,2,12,,,,,,19.0,,
2024-08-13T19:36:14.464840Z,327,325685.0,TAA very much,3320859.0,24.0,48142.0,6.0,James,Mason,3.0,,False,327,3,8,225,7,232.6,4,5,82.1,280.8,787,0,0,0,0,0,308.0,0,9,3.14,1.44,4.58,7.20,2024-07-17T10:20:02.949464Z,,,244731,18,0,,,0,Luis,2.7,False,,,,,5.1,Díaz,,a,72,Luis Díaz,72,24,58,47,34,19,37,25,,,,,,,,,,,3,12,7.0,24.0,12.0,5.0,17.0,8.0,4.0,9.0
2024-08-13T19:30:14.487537Z,328,228518.0,Boom Boom Eagle FC,3320837.0,2.0,48142.0,2.0,Sam,Thorpe,1.0,,False,328,8,28,483,7,354.6,11,13,180.8,683.0,1227,0,0,0,0,0,772.0,1,14,10.26,2.92,13.18,13.36,2024-07-17T10:20:02.951892Z,,,118748,2,0,,,0,Mohamed,14.7,True,,,,,10.8,Salah,,a,151,M.Salah,1,1,23,19,2,1,1,1,,,,,,,,,,,3,12,1.0,2.0,1.0,0.0,22.0,1.0,0.0,13.0
2024-08-13T20:07:14.371877Z,329,228518.0,Boom Boom Eagle FC,3320942.0,107.0,48142.0,8.0,Sam,Thorpe,12.0,,False,329,0,0,158,6,233.2,7,0,50.9,149.0,984,0,0,0,0,0,126.0,5,12,0.57,1.65,2.22,10.17,2024-07-17T10:20:02.954178Z,0.0,0.0,243016,57,0,,,0,Alexis,1.7,False,Suspended until 22 Dec,2024-12-05T00:30:08.282606Z,,,1.8,Mac Allister,,s,25,Mac Allister,200,80,57,46,121,79,114,67,,,,,,,,,,,3,12,38.0,107.0,43.0,5.0,18.0,107.0,-64.0,35.0
,,,,,,,,,,,,,330,0,0,0,0,0.0,0,0,0.0,0.0,0,0,0,0,0,0,0.0,0,0,0.00,0.00,0.00,0.00,2024-07-17T10:20:02.955240Z,100.0,100.0,491501,501,0,,,0,James,0.0,False,,2024-09-10T11:24:32.362482Z,,,0.0,McConnell,,a,0,McConnell,567,228,561,232,539,223,569,230,,,,,,,,,,,3,12,,,,,,269.0,,
,,,,,,,,,,,,,331,0,0,0,0,0.0,0,0,0.0,0.0,0,0,0,0,0,0,0.0,0,0,0.00,0.00,0.00,0.00,2024-07-17T10:20:02.956580Z,100.0,100.0,440148,544,0,,,0,Tyler,0.0,False,,2024-09-10T11:27:39.864039Z,,,0.0,Morton,,a,0,Morton,565,227,559,231,537,222,567,229,,,,,,,,,,,3,12,,,,,,270.0,,
,,,,,,,,,,,,,332,0,0,0,0,0.0,0,0,0.0,0.0,0,0,0,0,0,0,0.0,0,0,0.00,0.00,0.00,0.00,2024-07-17T10:20:02.958040Z,0.0,0.0,197464,647,0,,,0,Nathaniel,0.0,False,Loaned to Derby County,2024-08-31T06:18:33.693343Z,,,0.0,Phillips,,u,0,N.Phillips,491,172,470,170,433,154,493,172,,,,,,,,,,,2,12,,,,,,183.0,,
2024-08-13T19:58:18.635403Z,333,324701.0,Eleven Hags,3320918.0,83.0,48142.0,2.0,Liam,Thaker,10.0,,False,333,0,0,12,0,3.0,3,0,4.6,41.0,152,0,0,0,0,0,2.0,1,2,0.00,0.12,0.12,2.99,2024-07-17T10:20:02.959175Z,100.0,100.0,441428,434,0,,,0,Jarell,0.3,False,,2024-08-23T09:30:06.099816Z,,,0.7,Quansah,,a,2,Quansah,351,124,398,138,381,131,396,134,,,,,,,,,,,2,12,44.0,83.0,22.0,-22.0,40.0,139.0,-117.0,45.0
,,,,,,,,,,,,,334,0,0,0,0,0.0,0,0,0.0,0.0,0,0,0,0,0,0,0.0,0,0,0.00,0.00,0.00,0.00,2024-07-17T10:20:02.960320Z,0.0,0.0,219937,648,0,,,0,Rhys,0.0,False,Loaned to Morecambe,2024-08-22T11:18:16.485954Z,,,0.0,Williams,,u,0,R.Williams,497,175,476,173,439,157,499,175,,,,,,,,,,,2,12,,,,,,184.0,,
2024-08-13T19:41:55.972845Z,335,283372.0,CripplingHannover96,3320875.0,40.0,48142.0,4.0,Ryan,McIntyre,5.0,,False,335,0,2,213,6,309.3,10,0,55.8,162.0,1025,0,0,0,0,0,88.0,1,12,0.43,1.74,2.17,11.57,2024-07-17T10:20:02.961368Z,,,122798,86,0,,,0,Andrew,2.7,False,,,,,3.6,Robertson,,a,47,Robertson,184,71,34,5,163,30,96,19,,,,,,,,,,,2,12,12.0,40.0,8.0,-4.0,30.0,18.0,-10.0,19.0
2024-08-13T20:06:45.006817Z,336,283372.0,CripplingHannover96,3320940.0,105.0,48142.0,6.0,Ryan,McIntyre,12.0,,False,336,2,4,198,5,312.1,7,1,66.9,163.8,947,0,0,0,0,0,191.0,3,10,1.90,1.75,3.65,9.50,2024-07-17T10:20:02.962790Z,,,424876,58,0,,,0,Dominik,4.7,False,,,,,2.9,Szoboszlai,,a,41,Szoboszlai,182,72,33,28,69,42,65,41,,,,,,,,,,,3,12,23.0,105.0,42.0,19.0,5.0,47.0,-5.0,17.0
,,,,,,,,,,,,,337,0,1,68,1,53.2,1,0,13.5,61.0,228,0,0,0,0,0,19.0,0,2,0.08,0.59,0.67,2.00,2024-07-17T10:20:02.963767Z,0.0,0.0,214285,246,0,,,0,Konstantinos,0.0,False,Knock - Unknown return date,2024-11-25T09:30:07.571904Z,,,2.2,Tsimikas,,i,13,Tsimikas,324,112,254,68,307,97,316,103,,,,,,,,,,,2,12,,,,,,100.0,,
,,,,,,,,,,,,,338,0,0,53,1,60.7,25,0,36.2,206.6,1083,0,0,0,0,0,95.0,1,12,0.62,0.41,1.03,20.98,2024-07-17T10:20:02.964779Z,,,444765,649,0,,,0,Sepp,2.2,False,,,,,1.5,van den Berg,,a,19,Van den Berg,137,56,235,61,149,25,185,51,,,,,,,,,,,2,4,,,,,,76.0,,
2024-08-13T19:41:21.742902Z,339,228518.0,Boom Boom Eagle FC,3320873.0,38.0,48142.0,2.0,Sam,Thorpe,5.0,,False,339,1,3,269,7,70.9,11,1,53.3,332.6,1260,0,0,0,0,0,130.0,1,14,0.81,0.30,1.11,13.56,2024-07-17T10:20:02.965930Z,,,97032,80,0,,,0,Virgil,2.7,True,,,,,4.6,van Dijk,,a,64,Virgil,37,11,211,52,118,11,104,22,,,,,,,,,,,2,12,1.0,38.0,7.0,6.0,15.0,1.0,6.0,8.0
2024-08-13T19:46:17.409570Z,340,325685.0,TAA very much,3320884.0,49.0,48142.0,4.0,James,Mason,6.0,,False,340,0,0,141,2,172.1,15,0,40.0,183.8,1006,0,0,0,0,0,43.0,3,12,0.35,0.89,1.24,15.86,2024-07-17T10:20:02.967180Z,50.0,50.0,211975,112,0,,,0,Manuel,0.0,False,Knock - 50% chance of playing,2024-12-05T00:30:08.316605Z,,,1.9,Akanji,,d,23,Akanji,163,65,97,20,245,72,167,47,,,,,,,,,,,2,13,31.0,49.0,13.0,-18.0,38.0,65.0,-52.0,33.0
2024-08-13T19:55:18.722063Z,341,228518.0,Boom Boom Eagle FC,3320909.0,74.0,48142.0,2.0,Sam,Thorpe,9.0,,False,341,0,0,39,1,13.5,6,0,6.7,42.4,298,0,0,0,0,0,11.0,0,3,0.11,0.08,0.19,7.98,2024-07-17T10:20:02.968075Z,0.0,0.0,126184,122,0,,,0,Nathan,1.8,False,Hamstring injury - Unknown return date,2024-12-05T00:30:08.334401Z,,,1.8,Aké,,i,9,Aké,348,122,347,113,334,112,372,122,,,,,,,,,,,2,13,41.0,74.0,17.0,-24.0,42.0,117.0,-100.0,44.0
2024-08-13T19:40:28.208431Z,342,228518.0,Boom Boom Eagle FC,3320870.0,35.0,48142.0,8.0,Sam,Thorpe,4.0,,False,342,4,5,264,3,459.6,20,1,108.7,261.6,1194,0,0,0,0,0,367.0,4,13,2.38,2.86,5.24,19.18,2024-07-17T10:20:02.968806Z,,,165809,50,0,,,5,Bernardo,4.0,False,,,,,3.3,Veiga de Carvalho e Silva,,a,49,Bernardo,86,29,8,7,24,12,12,9,,,,,,,,,,,3,13,18.0,35.0,18.0,0.0,23.0,31.0,-13.0,21.0
2024-08-13T20:00:00.489876Z,343,283372.0,CripplingHannover96,3320922.0,87.0,48142.0,6.0,Ryan,McIntyre,10.0,,False,343,0,0,0,0,0.0,0,0,0.0,0.0,0,0,0,0,0,0,0.0,0,0,0.00,0.00,0.00,0.00,2024-07-17T10:20:02.969538Z,0.0,0.0,477555,273,0,,,0,Oscar,0.0,False,Leg injury - Unknown return date,2024-08-14T22:30:05.558994Z,,,0.0,Bobb,,i,0,Bobb,649,288,645,291,633,286,650,289,,,,,,,,,,,3,13,45.0,87.0,36.0,-9.0,33.0,271.0,-235.0,45.0
,,,,,,,,,,,,,344,0,0,0,0,0.0,0,0,0.0,0.0,0,0,0,0,0,0,0.0,0,0,0.00,0.00,0.00,0.00,2024-07-17T10:20:02.970297Z,,,17601,650,0,,,0,Scott,0.0,False,,,,,0.0,Carson,,a,0,Carson,476,38,454,15,415,5,478,38,,,,,,,,,,,1,13,,,,,,51.0,,
2024-08-13T19:34:30.154811Z,345,184679.0,Kernowfornia United,3320853.0,18.0,48142.0,9.0,Scott,Renfree-Tuck,2.0,,False,345,2,5,167,2,389.9,8,2,73.8,182.2,557,0,0,0,0,0,168.0,2,6,2.05,3.21,5.26,7.14,2024-07-17T10:20:02.973626Z,100.0,100.0,61366,7,0,,,2,Kevin,4.2,False,,2024-09-18T23:00:07.299083Z,,,4.0,De Bruyne,,a,36,De Bruyne,164,61,17,14,87,54,47,30,,,,,,,,,,,3,13,28.0,18.0,10.0,-18.0,40.0,64.0,-54.0,31.0
2024-08-13T19:58:55.269988Z,346,318371.0,Up the Ding,3320919.0,84.0,48142.0,3.0,Matthew,Stent,10.0,,False,346,2,2,177,2,187.0,7,2,57.9,188.8,536,0,0,0,0,0,202.0,0,6,0.67,1.33,2.00,6.24,2024-07-17T10:20:02.976926Z,100.0,100.0,248875,59,0,,,1,Jérémy,3.8,False,,2024-11-13T14:30:08.065449Z,,,3.4,Doku,,a,37,Doku,157,58,88,68,63,38,91,55,,,,,,,,,,,3,13,25.0,84.0,34.0,9.0,16.0,56.0,-22.0,24.0
2024-08-13T19:45:10.074617Z,347,184585.0,Easy Three Points,3320881.0,46.0,48142.0,1.0,Jonathan,Ako,6.0,,False,347,1,2,123,2,10.0,17,0,27.2,263.0,1080,0,0,0,0,28,0.0,3,12,0.00,0.01,0.01,15.83,2024-07-17T10:20:02.978183Z,,,121160,113,0,,,0,Ederson,0.2,False,,,,,2.8,Santana de Moraes,,a,33,Ederson M.,83,14,368,8,678,71,234,14,,,,,,,,,,,1,13,13.0,46.0,2.0,-11.0,18.0,17.0,-15.0,16.0
2024-08-13T19:32:15.580907Z,348,324701.0,Eleven Hags,3320846.0,11.0,48142.0,2.0,Liam,Thaker,2.0,,False,348,1,0,108,1,295.9,11,0,49.8,73.0,628,0,0,0,0,0,128.0,1,6,1.38,2.83,4.21,13.66,2024-07-17T10:20:02.979838Z,50.0,0.0,209244,6,0,,,0,Phil,0.8,False,Illness - 50% chance of playing,2024-12-05T00:30:08.366700Z,,,1.9,Foden,,d,19,Foden,297,137,38,31,119,78,119,69,,,,,,,,,,,3,13,39.0,11.0,6.0,-33.0,45.0,123.0,-117.0,39.0
,,,,,,,,,,,,,349,1,3,119,1,256.0,5,0,52.0,102.6,463,0,0,0,0,0,161.0,2,5,0.64,1.22,1.86,7.19,2024-07-17T10:20:02.984127Z,100.0,100.0,114283,65,0,,,1,Jack,1.5,False,,2024-10-24T16:00:07.517717Z,,,1.9,Grealish,,a,21,Grealish,260,115,47,38,95,60,111,66,,,,,,,,,,,3,13,,,,,,119.0,,
2024-08-13T19:31:38.379486Z,350,324701.0,Eleven Hags,3320843.0,8.0,48142.0,8.0,Liam,Thaker,1.0,,False,350,0,7,229,3,297.4,18,3,90.1,373.4,1212,0,0,0,0,0,229.0,0,13,1.61,1.83,3.44,17.20,2024-07-17T10:20:02.985629Z,100.0,100.0,477424,79,0,,,1,Joško,1.8,False,,2024-10-31T02:30:07.426838Z,,,4.1,Gvardiol,,a,57,Gvardiol,22,6,36,6,52,1,27,2,,,,,,,,,,,2,13,5.0,8.0,2.0,-3.0,27.0,6.0,-4.0,18.0
2024-08-13T19:30:08.332441Z,351,184679.0,Kernowfornia United,3320836.0,1.0,48142.0,1.0,Scott,Renfree-Tuck,1.0,,False,351,1,15,438,3,142.1,21,13,158.0,527.4,1349,0,0,0,0,0,908.0,2,15,12.85,0.86,13.71,21.56,2024-07-17T10:20:02.986797Z,100.0,100.0,223094,1,0,,,7,Erling,4.0,True,,2024-09-13T15:00:06.985607Z,,,6.5,Haaland,,a,98,Haaland,4,1,126,11,1,1,4,1,,,,,,,,,,,4,13,1.0,1.0,1.0,0.0,12.0,1.0,0.0,9.0
,,,,,,,,,,,,,352,0,0,0,0,0.0,0,0,0.0,0.0,0,0,0,0,0,0,0.0,0,0,0.00,0.00,0.00,0.00,2024-07-17T10:20:02.987758Z,0.0,0.0,461358,24,0,,,0,Julián,0.0,False,Transferred to Atletico Madrid,2024-08-13T07:07:51.627006Z,,,0.0,Álvarez,,u,0,J.Alvarez,692,74,692,74,692,74,692,74,,,,,,,,,,,4,13,,,,,,63.0,,
,,,,,,,,,,,,,353,0,0,0,0,0.0,0,0,0.0,0.0,0,0,0,0,0,0,0.0,0,0,0.00,0.00,0.00,0.00,2024-07-17T10:20:02.990086Z,0.0,0.0,121145,168,0,,,0,João,0.0,False,Permanent transfer to Saudi club Al-Hilal,2024-08-29T11:05:25.670531Z,,,0.0,Cavaco Cancelo,,u,0,João Cancelo,681,231,679,231,676,231,681,231,,,,,,,,,,,2,13,,,,,,185.0,,
,,,,,,,,,,,,,354,1,8,225,2,243.7,13,3,59.3,245.4,878,0,0,0,0,0,104.0,3,10,0.98,1.27,2.24,13.28,2024-07-17T10:20:02.992520Z,0.0,0.0,91651,140,0,,,0,Mateo,0.0,False,Unknown - Expected back 21 Dec,2024-11-22T17:30:09.194248Z,,,4.1,Kovačić,,i,45,Kovačić,98,33,53,44,140,89,87,53,,,,,,,,,,,3,13,,,,,,38.0,,
2024-08-13T20:14:18.213465Z,355,283372.0,CripplingHannover96,3320965.0,130.0,48142.0,4.0,Ryan,McIntyre,15.0,,False,355,2,1,131,2,129.8,16,1,41.2,177.0,1022,0,0,0,1,0,105.0,2,12,0.99,0.60,1.59,16.64,2024-07-17T10:20:02.995071Z,0.0,,477064,421,0,,,4,Rico,1.5,False,Suspended until 21 Dec,2024-12-07T21:30:08.281236Z,,,2.6,Lewis,,s,36,Lewis,173,68,140,27,139,20,157,42,,,,,,,,,,,2,13,18.0,130.0,44.0,26.0,3.0,32.0,12.0,5.0
,,,,,,,,,,,,,356,3,2,110,1,202.7,7,0,41.3,128.4,437,0,0,0,0,0,81.0,1,5,0.17,1.69,1.86,8.35,2024-07-17T10:20:03.001144Z,100.0,100.0,465351,270,0,,,7,Matheus Luiz,2.0,False,,2024-11-11T16:00:06.757704Z,,,2.4,Nunes,,a,26,Matheus N.,226,95,74,58,174,106,156,90,,,,,,,,,,,3,13,,,,,,100.0,,
,,,,,,,,,,,,,357,0,0,6,0,1.0,0,0,0.3,0.2,2,0,0,0,0,0,2.0,0,0,0.00,0.02,0.02,0.00,2024-07-17T10:20:03.003264Z,,,432714,214,0,,,0,James,0.2,False,,,,,1.0,McAtee,,a,2,McAtee,467,223,422,216,394,208,465,224,,,,,,,,,,,3,13,,,,,,208.0,,
,,,,,,,,,,,,,358,0,0,48,1,0.0,4,0,7.5,75.4,270,0,0,0,0,9,0.0,0,3,0.00,0.00,0.00,5.73,2024-07-17T10:20:03.005413Z,,,88248,151,0,,,1,Stefan,2.5,False,,,,,3.3,Ortega Moreno,,a,10,Ortega Moreno,294,29,678,70,674,68,359,29,,,,,,,,,,,1,13,,,,,,25.0,,
,,,,,,,,,,,,,359,0,0,69,1,55.7,14,0,14.7,68.4,536,0,0,0,1,0,25.0,1,7,0.31,0.22,0.53,12.49,2024-07-17T10:20:03.006587Z,100.0,100.0,155405,297,0,,,0,Kalvin,0.0,False,,2024-11-22T17:30:09.216627Z,,,1.6,Phillips,,a,11,Phillips,309,144,247,154,288,159,314,156,,,,,,,,,,,3,10,,,,,,155.0,,
2024-08-13T19:54:41.016802Z,360,184679.0,Kernowfornia United,3320908.0,73.0,48142.0,1.0,Scott,Renfree-Tuck,9.0,,False,360,0,0,18,0,17.1,0,0,2.8,10.8,65,0,0,0,0,0,0.0,0,1,0.00,0.09,0.09,0.04,2024-07-17T10:20:03.009564Z,0.0,0.0,220566,43,0,,,0,Rodrigo 'Rodri',0.0,False,Knee injury - Expected back 01 Jun,2024-09-22T22:00:05.633631Z,,,1.0,Hernandez,,i,2,Rodrigo,416,197,336,191,688,312,414,200,,,,,,,,,,,3,13,44.0,73.0,31.0,-13.0,36.0,209.0,-178.0,44.0
2024-08-13T19:46:09.510601Z,361,318371.0,Up the Ding,3320883.0,48.0,48142.0,3.0,Matthew,Stent,6.0,,False,361,0,1,139,3,119.1,12,0,41.0,220.8,996,1,0,0,0,0,69.0,3,11,0.64,0.73,1.37,13.80,2024-07-17T10:20:03.010781Z,100.0,100.0,171314,131,0,,,1,Rúben,2.0,False,,2024-11-01T17:00:08.011314Z,,,2.2,Gato Alves Dias,,a,27,Rúben,126,50,158,36,200,50,161,44,,,,,,,,,,,2,13,29.0,48.0,12.0,-17.0,37.0,58.0,-46.0,30.0
2024-08-13T19:37:07.714503Z,362,184585.0,Easy Three Points,3320863.0,28.0,48142.0,1.0,Jonathan,Ako,4.0,,False,362,0,1,56,0,21.0,5,2,18.7,97.6,283,0,0,0,0,0,70.0,1,3,0.60,0.12,0.72,3.13,2024-07-17T10:20:03.013557Z,50.0,0.0,97299,141,0,,,0,John,0.0,False,Foot injury - 50% chance of playing,2024-12-03T13:00:08.353446Z,,,2.9,Stones,,d,20,Stones,269,99,325,106,195,46,289,93,,,,,,,,,,,2,13,33.0,28.0,6.0,-27.0,43.0,70.0,-64.0,37.0
2024-08-13T19:43:49.266480Z,363,318371.0,Up the Ding,3320878.0,43.0,48142.0,7.0,Matthew,Stent,5.0,,False,363,0,0,66,0,140.7,17,0,30.5,134.8,782,0,0,0,0,0,29.0,1,8,0.12,1.29,1.41,15.85,2024-07-17T10:20:03.015008Z,100.0,100.0,58621,107,0,,,1,Kyle,0.8,False,,2024-10-20T21:30:07.137600Z,,,1.0,Walker,,a,11,Walker,217,84,127,25,282,87,214,65,,,,,,,,,,,2,13,40.0,43.0,10.0,-30.0,45.0,106.0,-96.0,42.0
,,,,,,,,,,,,,364,6,5,225,5,283.0,10,1,76.7,258.2,793,0,0,0,0,0,225.0,2,8,1.28,1.30,2.58,13.49,2024-07-17T10:20:03.016059Z,100.0,100.0,493250,281,0,,,5,Amad,6.2,False,,2024-11-08T18:30:07.952497Z,,,4.0,Diallo,,a,52,Amad,88,30,41,33,54,33,43,29,,,,,,,,,,,3,14,,,,,,27.0,,
,,,,,,,,,,,,,365,0,0,12,0,11.6,1,0,4.8,10.2,38,0,0,0,0,0,27.0,0,0,0.23,0.05,0.28,1.24,2024-07-17T10:20:03.017450Z,100.0,100.0,467169,90,0,,,0,Antony Matheus,0.2,False,,2024-10-25T13:00:06.238324Z,,,1.0,dos Santos,,a,3,Antony,418,198,355,200,285,157,395,192,,,,,,,,,,,3,14,,,,,,202.0,,
2024-08-13T19:32:30.809880Z,366,318371.0,Up the Ding,3320847.0,12.0,48142.0,3.0,Matthew,Stent,2.0,,False,366,6,8,313,6,458.1,17,3,106.6,374.4,1249,0,0,0,1,0,236.0,1,15,4.42,2.72,7.14,18.96,2024-07-17T10:20:03.019526Z,100.0,100.0,141746,11,0,,,9,Bruno,7.8,False,,2024-09-29T21:00:06.390627Z,,,4.8,Borges Fernandes,,a,72,B.Fernandes,21,8,9,8,50,31,13,10,,,,,,,,,,,3,14,8.0,12.0,7.0,-1.0,25.0,9.0,-2.0,15.0
,,,,,,,,,,,,,367,0,0,0,0,0.0,0,0,0.0,0.0,0,0,0,0,0,0,0.0,0,0,0.00,0.00,0.00,0.00,2024-07-17T10:20:03.021557Z,,,451302,545,0,,,0,Altay,0.0,False,,,,,0.0,Bayindir,,a,0,Bayindir,556,69,545,55,519,48,558,69,,,,,,,,,,,1,14,,,,,,52.0,,
,,,,,,,,,,,,,368,0,3,169,3,203.1,11,1,54.5,223.6,743,0,0,0,0,0,118.0,1,9,0.93,1.37,2.30,13.32,2024-07-17T10:20:03.023312Z,100.0,100.0,61256,236,0,,,0,Carlos Henrique,1.4,False,,2024-11-10T23:00:08.039181Z,,,2.4,Casimiro,,a,29,Casemiro,123,43,73,57,126,81,99,60,,,,,,,,,,,3,14,,,,,,84.0,,
2024-08-13T20:02:03.882973Z,369,289293.0,*Stratford Sardines*,3320928.0,93.0,48142.0,3.0,Flat,7,11.0,,False,369,1,6,203,5,163.4,18,0,49.8,238.6,1316,0,0,0,0,0,97.0,3,15,0.78,1.10,1.88,22.31,2024-07-17T10:20:03.024300Z,,,216051,198,0,,,1,Diogo,2.2,False,,,,,3.3,Dalot Teixeira,,a,49,Dalot,106,40,109,22,146,22,118,29,,,,,,,,,,,2,14,10.0,93.0,26.0,16.0,7.0,13.0,13.0,4.0
,,,,,,,,,,,,,370,0,0,97,3,226.3,4,0,32.2,75.4,505,0,0,0,0,0,20.0,2,6,0.12,1.08,1.20,8.79,2024-07-17T10:20:03.025238Z,100.0,100.0,80607,143,0,,,0,Christian,0.6,False,,2024-11-01T10:30:06.566158Z,,,1.8,Eriksen,,a,16,Eriksen,295,136,62,48,303,168,205,105,,,,,,,,,,,3,14,,,,,,137.0,,
,,,,,,,,,,,,,371,0,3,62,1,4.1,2,0,6.1,51.0,288,0,0,0,0,0,6.0,1,3,0.08,0.02,0.10,2.62,2024-07-17T10:20:03.026413Z,0.0,0.0,37642,435,0,,,0,Jonny,0.4,False,Knock - Unknown return date,2024-12-06T15:30:08.179513Z,,,2.3,Evans,,i,14,Evans,336,116,392,134,358,122,379,126,,,,,,,,,,,2,14,,,,,,95.0,,
2024-08-13T19:41:49.704758Z,372,289293.0,*Stratford Sardines*,3320874.0,39.0,48142.0,3.0,Flat,7,5.0,,False,372,2,3,158,2,162.9,16,3,77.0,198.8,937,0,0,0,0,0,411.0,1,10,4.01,0.58,4.59,16.24,2024-07-17T10:20:03.027257Z,100.0,100.0,493105,53,0,,,4,Alejandro,2.8,False,,2024-10-07T15:30:06.108745Z,,,3.2,Garnacho,,a,48,Garnacho,145,53,110,80,17,8,42,28,,,,,,,,,,,3,14,20.0,39.0,20.0,0.0,24.0,34.0,-14.0,22.0
,,,,,,,,,,,,,373,0,0,0,0,0.0,0,0,0.0,0.0,0,0,0,0,0,0,0.0,0,0,0.00,0.00,0.00,0.00,2024-07-17T10:20:03.028136Z,0.0,0.0,465527,486,0,,,0,Hannibal,0.0,False,Permanent move to Burnley,2024-08-30T09:47:42.727251Z,,,0.0,Mejbri,,u,0,Hannibal,600,250,595,254,577,247,602,252,,,,,,,,,,,3,14,,,,,,272.0,,
,,,,,,,,,,,,,374,0,0,0,0,0.0,0,0,0.0,0.0,0,0,0,0,0,0,0.0,0,0,0.00,0.00,0.00,0.00,2024-07-17T10:20:03.029153Z,,,21205,651,0,,,0,Tom,0.0,False,,,,,0.0,Heaton,,a,0,Heaton,478,40,456,17,417,7,480,40,,,,,,,,,,,1,14,,,,,,53.0,,
2024-08-13T19:50:34.086152Z,375,318371.0,Up the Ding,3320896.0,61.0,48142.0,7.0,Matthew,Stent,7.0,,False,375,1,4,111,2,79.2,10,2,26.4,89.4,604,0,0,0,0,0,98.0,0,7,1.64,0.19,1.83,10.39,2024-07-17T10:20:03.032105Z,100.0,100.0,497894,33,0,,,8,Rasmus,2.6,False,,2024-08-05T15:00:04.427374Z,,,3.2,Højlund,,a,32,Højlund,279,26,199,25,144,32,241,29,,,,,,,,,,,4,14,18.0,61.0,18.0,0.0,13.0,25.0,-7.0,15.0
,,,,,,,,,,,,,376,0,0,7,0,15.5,1,0,3.6,16.0,58,0,0,0,0,0,4.0,1,0,0.00,0.04,0.04,1.38,2024-07-17T10:20:03.033152Z,50.0,0.0,184667,412,0,,,0,Victor,0.0,False,Groin Injury - 50% chance of playing,2024-11-21T08:30:09.218875Z,,,0.8,Lindelöf,,d,3,Lindelof,404,144,340,109,372,127,404,137,,,,,,,,,,,2,14,,,,,,131.0,,
,,,,,,,,,,,,,377,0,0,58,1,26.4,2,0,10.2,60.8,357,0,0,0,0,0,14.0,4,4,0.04,0.03,0.07,3.34,2024-07-17T10:20:03.034839Z,100.0,100.0,95658,222,0,,,1,Harry,0.4,False,,2024-10-06T22:00:07.722929Z,,,1.2,Maguire,,a,10,Maguire,325,113,310,96,321,106,339,109,,,,,,,,,,,2,14,,,,,,110.0,,
,,,,,,,,,,,,,378,0,0,119,5,92.8,9,0,22.1,89.8,740,0,0,0,0,0,36.0,5,9,0.16,0.69,0.85,9.93,2024-07-17T10:20:03.035992Z,100.0,100.0,516895,137,0,,,2,Kobbie,0.8,False,,2024-12-02T00:00:08.519876Z,,,1.9,Mainoo,,a,17,Mainoo,278,126,186,120,258,143,265,131,,,,,,,,,,,3,14,,,,,,134.0,,
,,,,,,,,,,,,,379,0,0,0,0,1.7,0,0,0.4,2.0,45,0,0,0,0,0,0.0,1,1,0.00,0.01,0.01,0.23,2024-07-17T10:20:03.038438Z,100.0,100.0,222690,546,0,,,0,Tyrell,0.0,False,,2024-08-05T15:00:04.439521Z,,,0.0,Malacia,,a,0,Malacia,457,159,412,147,530,213,458,158,,,,,,,,,,,2,14,,,,,,186.0,,
2024-08-13T20:10:53.034639Z,380,324701.0,Eleven Hags,3320954.0,119.0,48142.0,2.0,Liam,Thaker,14.0,,False,380,0,1,169,5,55.7,15,0,34.5,197.6,1066,0,0,0,0,0,91.0,5,12,0.90,0.35,1.25,18.18,2024-07-17T10:20:03.040161Z,100.0,100.0,221820,478,0,,,1,Lisandro,2.4,False,,2024-12-02T00:00:08.536263Z,,,2.9,Martínez,,a,35,Martinez,146,58,246,64,157,27,192,54,,,,,,,,,,,2,14,19.0,119.0,38.0,19.0,6.0,35.0,3.0,11.0
,,,,,,,,,,,,,381,0,0,4,0,0.3,1,0,0.9,3.2,17,0,0,0,0,0,5.0,0,0,0.07,0.00,0.07,0.66,2024-07-17T10:20:03.041442Z,0.0,0.0,195851,203,0,,,0,Scott,0.0,False,Transferred to Napoli,2024-08-31T06:16:49.087133Z,,,1.0,McTominay,,u,2,McTominay,450,215,438,225,370,199,448,214,,,,,,,,,,,3,14,,,,,,210.0,,
,,,,,,,,,,,,,382,0,0,13,1,54.8,4,0,11.8,20.8,230,0,0,0,0,0,43.0,2,3,0.40,0.08,0.48,4.08,2024-07-17T10:20:03.043384Z,100.0,100.0,184341,69,0,,,1,Mason,0.8,False,,2024-09-29T21:00:06.460180Z,,,1.0,Mount,,a,7,Mount,393,187,252,156,246,136,326,161,,,,,,,,,,,3,14,,,,,,181.0,,
2024-08-13T19:56:24.520964Z,383,317751.0,Some Solanke-Panky?,3320912.0,77.0,48142.0,5.0,Alex,Turnbull,9.0,,False,383,0,5,247,6,13.0,18,0,36.6,352.6,1350,0,0,1,0,39,0.0,0,15,0.00,0.19,0.19,22.35,2024-07-17T10:20:03.044512Z,,,202641,191,0,,,1,André,4.2,True,,,,,4.3,Onana,,a,65,Onana,29,9,350,1,675,69,184,9,,,,,,,,,,,1,14,1.0,77.0,7.0,6.0,4.0,1.0,6.0,4.0
,,,,,,,,,,,,,384,0,0,0,0,0.0,0,0,0.0,0.0,0,0,0,0,0,0,0.0,0,0,0.00,0.00,0.00,0.00,2024-07-17T10:20:03.045315Z,0.0,0.0,488404,291,0,,,0,Facundo,0.0,False,Transferred to Panathinaikos,2024-08-22T11:21:35.952901Z,,,0.0,Pellistri Rebollo,,u,0,Pellistri,675,305,671,305,668,303,675,305,,,,,,,,,,,3,14,,,,,,273.0,,
2024-08-13T19:37:16.154844Z,385,324701.0,Eleven Hags,3320864.0,29.0,48142.0,2.0,Liam,Thaker,4.0,,False,385,1,3,186,5,254.7,9,4,68.9,238.8,975,0,0,0,0,0,194.0,2,12,1.60,1.36,2.96,14.79,2024-07-17T10:20:03.048198Z,,,176297,34,0,,,1,Marcus,5.0,False,,,,,3.6,Rashford,,a,54,Rashford,105,36,48,39,68,41,58,36,,,,,,,,,,,3,14,15.0,29.0,14.0,-1.0,26.0,23.0,-9.0,18.0
,,,,,,,,,,,,,386,4,2,148,1,153.7,8,2,42.5,155.4,488,0,0,0,0,0,118.0,1,6,0.64,1.19,1.83,7.97,2024-07-17T10:20:03.050017Z,100.0,100.0,209243,70,0,,,8,Jadon,3.6,False,,2024-11-07T09:00:07.812014Z,,,4.1,Sancho,,a,37,Sancho,196,78,120,87,127,82,144,84,,,,,,,,,,,3,6,,,,,,57.0,,
2024-08-13T20:12:11.826968Z,387,228518.0,Boom Boom Eagle FC,3320960.0,125.0,48142.0,8.0,Sam,Thorpe,14.0,,False,387,0,0,19,0,2.6,0,0,2.0,16.6,68,0,0,0,0,0,0.0,0,0,0.00,0.01,0.01,0.50,2024-07-17T10:20:03.051088Z,0.0,0.0,106760,272,0,,,0,Luke,0.4,False,Muscle injury - Unknown return date,2024-12-05T01:00:08.299125Z,,,1.0,Shaw,,i,2,Shaw,403,143,401,141,642,229,431,149,,,,,,,,,,,2,14,45.0,125.0,41.0,-4.0,31.0,140.0,-99.0,43.0
2024-08-13T19:57:15.816424Z,388,184585.0,Easy Three Points,3320916.0,81.0,48142.0,9.0,Jonathan,Ako,9.0,,False,388,0,3,149,2,190.7,26,2,57.9,303.0,1174,0,0,0,0,0,86.0,0,13,0.63,0.98,1.61,24.16,2024-07-17T10:20:03.052922Z,,,214590,438,0,,,2,Aaron,6.0,False,,,,,3.0,Wan-Bissaka,,a,42,Wan-Bissaka,52,17,84,17,168,32,90,16,,,,,,,,,,,2,19,14.0,81.0,21.0,7.0,14.0,23.0,-2.0,16.0
2024-08-13T19:54:28.167309Z,389,228518.0,Boom Boom Eagle FC,3320906.0,71.0,48142.0,8.0,Sam,Thorpe,8.0,,False,389,1,6,142,3,115.3,7,3,48.3,164.8,585,0,0,0,0,0,203.0,1,5,2.76,0.44,3.20,9.80,2024-07-17T10:20:03.054600Z,,,458249,37,0,,,1,Joshua,3.4,False,,,,,2.6,Zirkzee,,a,39,Zirkzee,181,20,161,20,62,22,129,22,,,,,,,,,,,4,14,16.0,71.0,21.0,5.0,10.0,22.0,-1.0,10.0
,,,,,,,,,,,,,390,0,0,0,0,0.0,0,0,0.0,0.0,0,0,0,0,0,0,0.0,0,0,0.00,0.00,0.00,0.00,2024-07-17T10:20:03.055818Z,,,545477,611,0,,,0,Alex,0.0,False,,,,,0.0,Murphy,,a,0,A.Murphy,533,196,513,194,478,180,535,196,,,,,,,,,,,2,15,,,,,,187.0,,
,,,,,,,,,,,,,391,0,0,20,0,19.1,3,0,5.9,4.2,119,0,0,0,0,0,36.0,0,1,0.47,0.15,0.62,2.73,2024-07-17T10:20:03.056914Z,,,179018,85,0,,,1,Miguel,0.2,False,,,,,1.2,Almirón Rejala,,a,7,Almirón,444,211,329,186,259,144,383,188,,,,,,,,,,,3,15,,,,,,182.0,,
,,,,,,,,,,,,,392,1,9,199,1,152.8,13,5,60.9,233.0,692,0,0,0,0,0,222.0,0,6,1.90,1.71,3.61,11.80,2024-07-17T10:20:03.057872Z,,,201666,64,0,,,7,Harvey,3.6,False,,,,,4.0,Barnes,,a,60,Barnes,112,39,121,88,56,35,80,49,,,,,,,,,,,3,15,,,,,,17.0,,
,,,,,,,,,,,,,393,0,0,0,0,0.0,0,0,0.0,0.0,0,0,0,0,0,0,0.0,0,0,0.00,0.00,0.00,0.00,2024-07-17T10:20:03.058794Z,0.0,0.0,220237,423,0,,,0,Sven,0.0,False,Knee injury - Expected back 15 Jan,2024-07-17T13:30:05.022057Z,,,0.0,Botman,,i,0,Botman,563,219,553,218,529,212,565,219,,,,,,,,,,,2,15,,,,,,188.0,,
2024-08-13T20:06:10.730744Z,394,317751.0,Some Solanke-Panky?,3320939.0,104.0,48142.0,5.0,Alex,Turnbull,12.0,,False,394,3,2,233,3,241.1,21,0,56.8,238.2,1333,0,0,0,0,0,88.0,2,15,0.98,1.25,2.23,20.11,2024-07-17T10:20:03.059555Z,100.0,100.0,208706,45,0,,,2,Bruno,3.2,False,,2024-11-26T02:30:08.074203Z,,,2.8,Guimarães Rodriguez Moura,,a,42,Bruno G.,108,37,55,45,164,102,92,56,,,,,,,,,,,3,15,21.0,104.0,41.0,20.0,4.0,44.0,-3.0,16.0
2024-08-13T20:08:35.573787Z,395,317751.0,Some Solanke-Panky?,3320948.0,113.0,48142.0,5.0,Alex,Turnbull,13.0,,False,395,0,4,134,3,28.1,19,0,36.0,235.6,1260,1,0,0,0,0,96.0,5,14,0.57,0.24,0.81,19.54,2024-07-17T10:20:03.061027Z,100.0,100.0,78916,377,0,,,0,Dan,1.2,False,,2024-11-10T23:00:08.148381Z,,,2.3,Burn,,a,32,Burn,110,41,305,94,147,23,186,52,,,,,,,,,,,2,15,23.0,113.0,35.0,12.0,11.0,45.0,-10.0,20.0
2024-08-13T20:15:02.523826Z,396,324701.0,Eleven Hags,3320969.0,134.0,48142.0,8.0,Liam,Thaker,15.0,,False,396,0,0,0,0,0.0,0,0,0.0,0.0,0,0,0,0,0,0,0.0,0,0,0.00,0.00,0.00,0.00,2024-07-17T10:20:03.062188Z,100.0,100.0,67089,396,0,,,0,Martin,0.0,False,,2024-10-02T00:30:05.687323Z,,,0.0,Dúbravka,,a,0,Dúbravka,547,65,528,45,498,36,549,65,,,,,,,,,,,1,15,18.0,134.0,17.0,-1.0,10.0,54.0,-37.0,18.0
,,,,,,,,,,,,,397,0,0,28,0,26.5,12,0,6.7,35.8,301,0,0,0,1,0,13.0,0,4,0.02,0.10,0.12,10.12,2024-07-17T10:20:03.063258Z,100.0,100.0,90105,319,0,,,0,Ryan,1.2,False,,2024-11-01T16:30:08.020367Z,,,0.9,Fraser,,a,6,Fraser,360,167,309,180,322,175,370,182,,,,,,,,,,,3,17,,,,,,188.0,,
2024-08-13T19:34:20.231173Z,398,228518.0,Boom Boom Eagle FC,3320852.0,17.0,48142.0,8.0,Sam,Thorpe,2.0,,False,398,2,6,229,4,429.6,14,3,102.2,249.0,1103,0,1,0,0,0,342.0,1,13,4.97,2.26,7.23,16.38,2024-07-17T10:20:03.064210Z,100.0,100.0,232826,13,0,,,1,Anthony,3.6,False,,2024-11-10T23:00:08.179603Z,,,3.9,Gordon,,a,55,Gordon,96,32,12,11,27,14,17,13,,,,,,,,,,,3,15,14.0,17.0,9.0,-5.0,28.0,21.0,-12.0,20.0
2024-08-13T20:04:20.925807Z,399,324701.0,Eleven Hags,3320936.0,101.0,48142.0,2.0,Liam,Thaker,12.0,,False,399,1,2,183,3,283.8,16,0,64.5,301.6,1137,0,0,0,0,0,57.0,3,12,0.13,1.73,1.86,15.26,2024-07-17T10:20:03.065686Z,,,487838,450,0,,,1,Lewis,1.4,False,,,,,2.5,Hall,,a,37,Hall,55,18,40,7,217,61,74,11,,,,,,,,,,,2,15,17.0,101.0,31.0,14.0,9.0,30.0,1.0,13.0
,,,,,,,,,,,,,400,0,0,0,0,0.0,0,0,0.0,0.0,0,0,0,0,0,0,0.0,0,0,0.00,0.00,0.00,0.00,2024-07-17T10:20:03.067230Z,,,153127,547,0,,,0,Isaac,0.0,False,,,,,0.0,Hayden,,a,0,Hayden,561,226,550,230,527,220,563,228,,,,,,,,,,,3,15,,,,,,274.0,,
2024-08-13T19:30:38.938549Z,401,289293.0,*Stratford Sardines*,3320838.0,3.0,48142.0,3.0,Flat,7,1.0,,False,401,3,12,251,2,229.8,19,6,94.9,312.6,1056,0,0,0,0,0,413.0,0,13,5.59,1.78,7.37,16.75,2024-07-17T10:20:03.068193Z,100.0,100.0,219168,10,0,,,8,Alexander,6.6,False,,2024-11-30T22:00:07.827670Z,,,5.3,Isak,,a,69,Isak,48,7,59,2,16,9,24,5,,,,,,,,,,,4,15,8.0,3.0,2.0,-6.0,19.0,8.0,-6.0,14.0
,,,,,,,,,,,,,402,4,0,97,1,164.5,10,0,38.3,126.0,647,0,0,0,0,0,94.0,1,8,1.07,1.65,2.72,8.11,2024-07-17T10:20:03.069584Z,100.0,100.0,114243,132,0,,,7,Jacob,2.0,False,,2024-10-31T02:30:07.555512Z,,,2.4,Murphy,,a,29,J.Murphy,233,98,105,78,151,94,176,98,,,,,,,,,,,3,15,,,,,,85.0,,
,,,,,,,,,,,,,403,0,6,155,3,204.0,19,2,65.8,214.6,1230,0,0,0,0,0,237.0,4,15,1.82,0.88,2.70,18.25,2024-07-17T10:20:03.071503Z,,,180974,91,0,,,1,Joelinton Cássio,3.4,False,,,,,2.9,Apolinário de Lira,,a,43,Joelinton,132,46,72,56,49,30,69,44,,,,,,,,,,,3,15,,,,,,41.0,,
,,,,,,,,,,,,,404,1,0,36,0,28.1,6,0,12.0,79.6,295,0,0,0,0,0,14.0,2,4,0.36,0.11,0.47,5.55,2024-07-17T10:20:03.073187Z,,,235530,437,0,,,0,Lloyd,0.0,False,,,,,1.2,Kelly,,a,10,Kelly,290,103,304,93,318,103,324,107,,,,,,,,,,,2,15,,,,,,111.0,,
,,,,,,,,,,,,,405,0,0,34,1,10.9,2,0,6.6,44.2,240,0,0,0,0,0,11.0,0,2,0.04,0.03,0.07,5.07,2024-07-17T10:20:03.074927Z,0.0,0.0,111773,459,0,,,0,Emil,0.0,False,Shoulder injury - Expected back 15 Jan,2024-11-11T16:00:06.953415Z,,,3.3,Krafth,,i,10,Krafth,347,121,357,116,331,110,373,123,,,,,,,,,,,2,15,,,,,,112.0,,
,,,,,,,,,,,,,406,0,0,0,0,0.0,0,0,0.0,0.0,0,0,0,0,0,0,0.0,0,0,0.00,0.00,0.00,0.00,2024-07-17T10:20:03.076184Z,,,564510,548,0,,,0,Garang,0.0,False,,,,,0.0,Kuol,,a,0,Kuol,573,234,567,238,545,229,575,236,,,,,,,,,,,3,15,,,,,,275.0,,
,,,,,,,,,,,,,407,0,0,0,0,0.0,0,0,0.0,0.0,0,0,0,0,0,0,0.0,0,0,0.00,0.00,0.00,0.00,2024-07-17T10:20:03.077586Z,0.0,0.0,101148,439,0,,,0,Jamaal,0.0,False,Knee injury - Expected back 01 Feb,2024-07-17T13:30:05.035452Z,,,0.0,Lascelles,,i,0,Lascelles,579,223,573,223,552,218,581,223,,,,,,,,,,,2,15,,,,,,189.0,,
,,,,,,,,,,,,,408,0,0,0,0,0.0,0,0,0.0,0.0,0,0,0,0,0,0,0.0,0,0,0.00,0.00,0.00,0.00,2024-07-17T10:20:03.079032Z,0.0,0.0,194799,652,0,,,0,Jamal,0.0,False,Loaned to  Sao Paulo,2024-09-05T10:35:35.180344Z,,,0.0,Lewis,,u,0,Lewis,490,171,469,169,432,153,492,171,,,,,,,,,,,2,15,,,,,,190.0,,
,,,,,,,,,,,,,409,0,2,129,2,127.4,18,0,35.7,214.6,1067,0,0,0,0,0,16.0,0,12,0.00,0.34,0.34,16.24,2024-07-17T10:20:03.081528Z,,,441191,440,0,,,0,Tino,1.2,False,,,,,2.1,Livramento,,a,31,Livramento,131,53,146,30,315,102,187,53,,,,,,,,,,,2,15,,,,,,48.0,,
,,,,,,,,,,,,,410,1,0,93,2,60.3,10,0,20.6,85.8,655,0,0,0,0,0,60.0,2,8,0.60,0.21,0.81,8.92,2024-07-17T10:20:03.083262Z,,,180135,199,0,,,2,Sean,2.0,False,,,,,1.6,Longstaff,,a,23,Longstaff,286,131,236,147,213,121,273,137,,,,,,,,,,,3,15,,,,,,111.0,,
,,,,,,,,,,,,,411,0,0,0,0,0.0,0,0,0.0,0.0,0,0,0,0,0,0,0.0,0,0,0.00,0.00,0.00,0.00,2024-07-17T10:20:03.085588Z,100.0,100.0,547719,255,0,,,0,Lewis,0.0,False,,2024-07-17T13:30:05.048462Z,,,0.0,Miley,,a,0,Miley,679,307,676,307,672,305,679,307,,,,,,,,,,,3,15,,,,,,276.0,,
,,,,,,,,,,,,,412,0,0,0,0,0.0,0,0,0.0,0.0,0,0,0,0,0,0,0.0,0,0,0.00,0.00,0.00,0.00,2024-07-17T10:20:03.086844Z,,,111452,484,0,,,0,Odysseas,0.0,False,,,,,0.0,Vlachodimos,,a,0,Odysseas,552,68,540,54,511,46,554,68,,,,,,,,,,,1,15,,,,,,55.0,,
2024-08-13T19:56:07.863400Z,413,289293.0,*Stratford Sardines*,3320910.0,75.0,48142.0,3.0,Flat,7,9.0,,False,413,0,2,188,3,0.0,21,0,39.1,392.4,1350,0,0,0,0,54,0.0,2,15,0.00,0.00,0.00,20.45,2024-07-17T10:20:03.087990Z,100.0,100.0,98747,239,0,,,1,Nick,1.4,False,,2024-10-02T00:30:05.710785Z,,,3.2,Pope,,a,48,Pope,16,4,661,68,658,66,170,4,,,,,,,,,,,1,15,6.0,75.0,6.0,0.0,9.0,7.0,-1.0,8.0
,,,,,,,,,,,,,414,0,0,0,0,0.0,0,0,0.0,0.0,0,0,0,0,0,0,0.0,0,0,0.00,0.00,0.00,0.00,2024-07-17T10:20:03.089179Z,,,19236,653,0,,,0,John,0.0,False,,,,,0.0,Ruddy,,a,0,Ruddy,477,39,455,16,416,6,479,39,,,,,,,,,,,1,15,,,,,,56.0,,
2024-08-13T19:56:50.454711Z,415,318371.0,Up the Ding,3320914.0,79.0,48142.0,7.0,Matthew,Stent,9.0,,False,415,0,0,118,2,36.8,19,2,40.6,283.2,1107,0,0,0,1,0,91.0,4,13,1.31,0.59,1.90,15.39,2024-07-17T10:20:03.090554Z,100.0,100.0,119471,108,0,,,0,Fabian,2.4,False,,2024-10-02T00:30:05.719745Z,,,2.5,Schär,,a,32,Schär,68,22,290,85,159,28,164,46,,,,,,,,,,,2,15,24.0,79.0,20.0,-4.0,32.0,46.0,-26.0,26.0
,,,,,,,,,,,,,416,0,0,0,0,0.0,0,0,0.0,0.0,0,0,0,0,0,0,0.0,0,0,0.00,0.00,0.00,0.00,2024-07-17T10:20:03.092025Z,100.0,100.0,169359,612,0,,,0,Matt,0.0,False,,2024-09-27T11:00:07.434832Z,,,0.0,Targett,,a,0,Targett,485,168,464,166,427,150,487,168,,,,,,,,,,,2,15,,,,,,191.0,,
,,,,,,,,,,,,,417,1,0,105,1,77.4,10,0,28.1,114.2,647,0,0,0,0,0,89.0,4,6,1.02,0.32,1.34,10.02,2024-07-17T10:20:03.093875Z,100.0,100.0,432422,153,0,,,1,Sandro,1.8,False,,2024-07-17T13:30:05.060878Z,,,1.5,Tonali,,a,19,Tonali,241,103,202,127,160,100,231,119,,,,,,,,,,,3,15,,,,,,124.0,,
2024-08-13T19:44:43.868801Z,418,184585.0,Easy Three Points,3320880.0,45.0,48142.0,9.0,Jonathan,Ako,5.0,,False,418,0,2,48,1,67.7,4,0,12.4,45.4,291,0,0,0,0,0,11.0,0,3,0.03,0.23,0.26,4.87,2024-07-17T10:20:03.094874Z,100.0,75.0,77794,81,0,,,1,Kieran,0.4,False,,2024-12-05T01:00:08.361656Z,,,2.1,Trippier,,a,15,Trippier,346,120,217,56,335,113,322,106,,,,,,,,,,,2,15,38.0,45.0,11.0,-27.0,44.0,90.0,-79.0,39.0
,,,,,,,,,,,,,419,0,0,0,0,0.0,0,0,0.0,0.0,0,0,0,0,0,0,0.0,0,0,0.00,0.00,0.00,0.00,2024-07-17T10:20:03.096019Z,0.0,0.0,461484,502,0,,,0,Joe,0.0,False,Loaned to MK Dons,2024-08-31T08:20:54.098792Z,,,0.0,White,,u,0,White,597,247,592,251,574,244,599,249,,,,,,,,,,,3,15,,,,,,277.0,,
,,,,,,,,,,,,,420,1,0,68,2,136.9,4,0,28.9,71.4,443,0,0,0,0,0,80.0,2,5,0.51,0.52,1.03,6.37,2024-07-17T10:20:03.098289Z,100.0,100.0,200089,286,0,,,0,Joe,1.2,False,,2024-11-26T02:30:08.104296Z,,,1.5,Willock,,a,18,Willock,303,139,132,93,175,107,226,116,,,,,,,,,,,3,15,,,,,,128.0,,
2024-08-13T19:48:16.030300Z,421,228518.0,Boom Boom Eagle FC,3320891.0,56.0,48142.0,2.0,Sam,Thorpe,7.0,,False,421,0,0,6,0,1.7,2,0,1.1,2.0,57,0,0,0,0,0,8.0,1,0,0.00,0.00,0.00,1.17,2024-07-17T10:20:03.099421Z,100.0,100.0,75115,36,0,,,1,Callum,0.6,False,,2024-08-05T15:00:04.487875Z,,,0.8,Wilson,,a,3,Wilson,459,46,414,46,350,43,443,46,,,,,,,,,,,4,15,26.0,56.0,17.0,-9.0,23.0,45.0,-28.0,25.0
2024-08-13T20:13:58.563885Z,422,289293.0,*Stratford Sardines*,3320964.0,129.0,48142.0,3.0,Flat,7,15.0,,False,422,0,10,229,5,124.0,17,1,42.1,265.8,1283,0,0,0,0,0,31.0,2,15,0.11,1.13,1.24,16.10,2024-07-17T10:20:03.100481Z,100.0,100.0,159506,441,0,,,1,Ola,2.2,False,,2024-11-21T08:30:09.347848Z,,,3.9,Aina,,a,58,Aina,81,29,148,32,271,83,146,37,,,,,,,,,,,2,16,4.0,129.0,43.0,39.0,1.0,4.0,39.0,1.0
,,,,,,,,,,,,,423,4,2,203,4,288.7,11,0,66.2,227.6,814,0,0,0,0,0,147.0,3,10,0.77,1.29,2.06,10.13,2024-07-17T10:20:03.101812Z,100.0,100.0,215379,260,0,,,5,Elliot,2.0,False,,2024-11-13T15:30:08.535910Z,,,2.6,Anderson,,a,37,Anderson,120,42,39,32,99,64,68,43,,,,,,,,,,,3,16,,,,,,58.0,,
2024-08-13T20:08:16.608675Z,424,228518.0,Boom Boom Eagle FC,3320945.0,110.0,48142.0,2.0,Sam,Thorpe,13.0,,False,424,0,0,30,0,22.3,3,0,7.3,12.2,198,0,0,0,0,0,44.0,0,2,0.44,0.09,0.53,2.63,2024-07-17T10:20:03.103103Z,,,210156,88,0,,,1,Taiwo,1.0,False,,,,,1.1,Awoniyi,,a,12,Awoniyi,411,39,323,37,244,38,363,39,,,,,,,,,,,4,16,22.0,110.0,22.0,0.0,14.0,35.0,-13.0,20.0
,,,,,,,,,,,,,425,0,0,13,0,0.2,1,0,4.9,32.0,91,0,0,0,0,0,17.0,0,1,0.07,0.00,0.07,1.22,2024-07-17T10:20:03.104164Z,100.0,100.0,90585,416,0,,,0,Willy,0.0,False,,2024-09-11T12:30:07.170970Z,,,1.5,Boly,,a,3,Boly,364,130,440,158,312,100,392,133,,,,,,,,,,,2,16,,,,,,132.0,,
,,,,,,,,,,,,,426,0,0,0,0,0.0,0,0,0.0,0.0,0,0,0,0,0,0,0.0,0,0,0.00,0.00,0.00,0.00,2024-07-17T10:20:03.105211Z,0.0,0.0,245830,549,0,,,0,Josh,0.0,False,Loaned to  Preston North End,2024-08-31T08:19:22.292913Z,,,0.0,Bowler,,u,0,Bowler,588,240,583,244,565,237,590,242,,,,,,,,,,,3,16,,,,,,278.0,,
,,,,,,,,,,,,,427,0,0,0,0,0.0,0,0,0.0,0.0,0,0,0,0,0,0,0.0,0,0,0.00,0.00,0.00,0.00,2024-07-17T10:20:03.106280Z,,,475123,550,0,,,0,Carlos Miguel,0.0,False,,,,,0.0,dos Santos Pereira,,a,0,C.Miguel,549,66,533,48,503,39,551,66,,,,,,,,,,,1,16,,,,,,57.0,,
,,,,,,,,,,,,,428,0,0,9,0,0.3,0,0,0.6,5.2,28,0,0,0,0,0,0.0,0,0,0.00,0.00,0.00,0.31,2024-07-17T10:20:03.107661Z,,,569014,551,0,,,0,Eric,0.2,False,,,,,1.0,da Silva Moreira,,a,2,Da Silva Moreira,437,208,435,224,546,230,451,215,,,,,,,,,,,3,16,,,,,,211.0,,
,,,,,,,,,,,,,429,0,0,1,0,0.1,0,0,0.0,0.0,14,0,0,0,0,0,0.0,0,1,0.00,0.00,0.00,0.28,2024-07-17T10:20:03.108535Z,0.0,0.0,513046,229,0,,,0,Danilo,0.0,False,Ankle injury - Unknown return date,2024-08-17T20:00:06.172553Z,,,1.0,dos Santos de Oliveira,,i,1,Danilo,651,289,446,228,635,287,652,290,,,,,,,,,,,3,16,,,,,,218.0,,
,,,,,,,,,,,,,430,0,0,0,0,0.0,0,0,0.0,0.0,0,0,0,0,0,0,0.0,0,0,0.00,0.00,0.00,0.00,2024-07-17T10:20:03.109219Z,,,230251,320,0,,,0,Emmanuel,0.0,False,,,,,0.0,Dennis,,a,0,Dennis,660,63,655,62,649,63,660,63,,,,,,,,,,,4,16,,,,,,64.0,,
,,,,,,,,,,,,,431,0,0,90,2,76.5,10,0,29.1,127.6,699,0,0,0,0,0,87.0,4,8,0.72,0.27,0.99,10.70,2024-07-17T10:20:03.110654Z,,,250199,226,0,,,1,Nicolás,1.4,False,,,,,1.3,Domínguez,,a,17,Dominguez,229,97,205,130,165,103,225,115,,,,,,,,,,,3,16,,,,,,135.0,,
2024-08-13T20:07:48.906265Z,432,184679.0,Kernowfornia United,3320944.0,109.0,48142.0,1.0,Scott,Renfree-Tuck,13.0,,False,432,2,0,104,3,225.5,12,0,46.3,103.6,804,0,0,0,0,0,131.0,1,10,0.86,1.49,2.35,10.78,2024-07-17T10:20:03.111772Z,100.0,100.0,449434,110,0,,,1,Anthony,2.0,False,,2024-11-23T22:30:08.527966Z,,,2.0,Elanga,,a,30,Elanga,258,113,63,49,116,76,137,80,,,,,,,,,,,3,16,34.0,109.0,44.0,10.0,14.0,80.0,-36.0,28.0
2024-08-13T20:00:26.197628Z,433,289293.0,*Stratford Sardines*,3320923.0,88.0,48142.0,7.0,Flat,7,10.0,,False,433,1,5,144,4,271.8,11,2,71.7,197.2,844,0,0,0,1,0,248.0,3,11,1.48,1.62,3.10,10.10,2024-07-17T10:20:03.112836Z,100.0,100.0,222531,49,0,,,13,Morgan,3.4,False,,2024-11-23T22:30:08.545151Z,,,3.4,Gibbs-White,,a,37,Gibbs-White,147,54,44,35,47,29,54,34,,,,,,,,,,,3,16,26.0,88.0,37.0,11.0,11.0,59.0,-22.0,25.0
,,,,,,,,,,,,,434,2,3,208,5,318.8,11,2,71.7,201.8,1050,0,0,0,0,0,200.0,1,12,1.27,1.23,2.50,10.12,2024-07-17T10:20:03.114791Z,100.0,100.0,209046,115,0,,,5,Callum,2.2,False,,2024-10-23T08:00:07.622507Z,,,3.4,Hudson-Odoi,,a,48,Hudson-Odoi,142,50,31,26,64,39,53,33,,,,,,,,,,,3,16,,,,,,35.0,,
,,,,,,,,,,,,,435,0,0,0,0,0.0,0,0,0.0,0.0,0,0,0,0,0,0,0.0,0,0,0.00,0.00,0.00,0.00,2024-07-17T10:20:03.115734Z,0.0,0.0,244930,552,0,,,0,Alex,0.0,False,Season long loan to Port Vale,2024-08-29T11:09:56.647313Z,,,0.0,Mighten,,u,0,Mighten,587,239,582,243,564,236,589,241,,,,,,,,,,,3,16,,,,,,279.0,,
,,,,,,,,,,,,,436,0,4,213,5,121.1,18,1,61.2,366.4,1350,0,0,0,0,0,123.0,2,15,0.92,0.49,1.41,17.08,2024-07-17T10:20:03.116601Z,,,575476,417,0,,,1,Murillo,3.2,False,,,,,3.5,Santiago Costa dos Santos,,a,53,Murillo,26,7,155,34,123,14,77,13,,,,,,,,,,,2,16,,,,,,9.0,,
,,,,,,,,,,,,,437,0,0,73,2,83.9,5,0,27.7,114.0,553,0,0,0,0,0,77.0,4,5,0.64,0.31,0.95,6.33,2024-07-17T10:20:03.117642Z,,,215136,449,0,,,0,Neco,1.4,False,,,,,1.7,Williams,,a,20,N.Williams,242,92,195,47,182,39,232,72,,,,,,,,,,,2,16,,,,,,71.0,,
,,,,,,,,,,,,,438,0,0,0,0,0.0,0,0,0.0,0.0,0,0,0,0,0,0,0.0,0,0,0.00,0.00,0.00,0.00,2024-07-17T10:20:03.118771Z,0.0,0.0,204822,553,0,,,0,Omar,0.0,False,Loaned to Rio Ave,2024-08-22T11:19:23.101534Z,,,0.0,Richards,,u,0,O.Richards,583,225,578,225,559,220,585,225,,,,,,,,,,,2,16,,,,,,192.0,,
,,,,,,,,,,,,,439,0,0,0,0,0.0,0,0,0.0,0.0,0,0,0,0,0,0,0.0,0,0,0.00,0.00,0.00,0.00,2024-07-17T10:20:03.119883Z,0.0,0.0,243345,321,0,,,0,Lewis,0.0,False,On loan to Los Angeles Football Club for the rest of the season,2024-08-01T07:01:57.624673Z,,,0.0,O'Brien,,u,0,O'Brien,668,301,664,301,661,299,668,301,,,,,,,,,,,3,16,,,,,,280.0,,
,,,,,,,,,,,,,440,0,0,0,0,0.0,0,0,0.0,0.0,0,0,0,0,0,0,0.0,0,0,0.00,0.00,0.00,0.00,2024-07-17T10:20:03.121162Z,,,466404,487,0,,,0,Andrew,0.0,False,,,,,0.0,Omobamidele,,a,0,Omobamidele,558,215,547,214,521,206,560,215,,,,,,,,,,,2,16,,,,,,193.0,,
,,,,,,,,,,,,,441,0,0,0,0,0.0,0,0,0.0,0.0,0,0,0,0,0,0,0.0,0,0,0.00,0.00,0.00,0.00,2024-07-17T10:20:03.122163Z,0.0,0.0,209035,654,0,,,0,Jonathan,0.0,False,On a season long loan to Rio Ave,2024-07-18T09:44:17.568948Z,,,0.0,Panzo,,u,0,Panzo,494,173,473,171,436,155,496,173,,,,,,,,,,,2,16,,,,,,194.0,,
,,,,,,,,,,,,,442,0,0,26,1,16.4,2,0,7.4,38.8,212,0,0,0,0,0,19.0,2,3,0.02,0.06,0.08,1.98,2024-07-17T10:20:03.123724Z,0.0,0.0,210462,468,0,,,0,Ibrahim,0.0,False,Hamstring injury - Unknown return date,2024-09-12T15:00:06.800627Z,,,1.3,Sangaré,,i,4,Sangaré,356,165,337,192,305,169,360,179,,,,,,,,,,,3,16,,,,,,199.0,,
,,,,,,,,,,,,,443,1,6,200,5,0.1,18,0,34.9,346.2,1350,0,0,0,0,43,0.0,2,15,0.00,0.04,0.04,17.08,2024-07-17T10:20:03.124889Z,100.0,100.0,85633,456,0,,,2,Matz,2.8,False,,2024-10-12T11:00:07.468908Z,,,4.1,Sels,,a,62,Sels,31,11,445,11,631,61,189,10,,,,,,,,,,,1,16,,,,,,2.0,,
,,,,,,,,,,,,,444,0,0,0,0,3.0,1,0,1.9,9.6,36,0,0,0,0,0,6.0,0,0,0.02,0.01,0.03,0.67,2024-07-17T10:20:03.125881Z,,,114241,422,0,,,0,Harry,0.0,False,,,,,1.0,Toffolo,,a,1,Toffolo,421,148,399,139,357,121,432,150,,,,,,,,,,,2,16,,,,,,153.0,,
,,,,,,,,,,,,,445,0,0,0,0,0.0,0,0,0.0,0.0,0,0,0,0,0,0,0.0,0,0,0.00,0.00,0.00,0.00,2024-07-17T10:20:03.127032Z,100.0,100.0,224068,599,0,,,0,Matt,0.0,False,,2024-10-05T17:30:07.013947Z,,,0.0,Turner,,a,0,Turner,498,50,477,28,440,18,500,50,,,,,,,,,,,1,7,,,,,,58.0,,
,,,,,,,,,,,,,446,0,0,0,0,0.0,0,0,0.0,0.0,0,0,0,0,0,0,0.0,0,0,0.00,0.00,0.00,0.00,2024-07-17T10:20:03.128100Z,0.0,0.0,201440,554,0,,,0,Hwang,0.0,False,Transferred to Alanyaspor,2024-09-10T11:39:20.038647Z,,,0.0,Ui-jo,,u,0,Ui-jo,581,50,576,50,557,50,583,50,,,,,,,,,,,4,16,,,,,,65.0,,
2024-08-13T20:10:10.667517Z,447,184585.0,Easy Three Points,3320952.0,117.0,48142.0,9.0,Jonathan,Ako,13.0,,False,447,0,20,344,6,106.9,15,10,90.0,370.8,1144,0,0,0,0,0,420.0,1,14,6.07,0.19,6.26,13.72,2024-07-17T10:20:03.129225Z,100.0,100.0,60689,76,0,,,8,Chris,4.4,True,,2024-10-26T11:00:07.644070Z,,,5.9,Wood,,a,88,Wood,24,4,166,21,12,5,28,6,,,,,,,,,,,4,16,2.0,117.0,26.0,24.0,1.0,2.0,24.0,1.0
,,,,,,,,,,,,,448,0,0,0,0,0.0,0,0,0.0,0.0,0,0,0,0,0,0,0.0,0,0,0.00,0.00,0.00,0.00,2024-07-17T10:20:03.130579Z,0.0,0.0,208912,482,0,,,0,Joe,0.0,False,Transferred to Burnley,2024-08-26T10:09:19.430328Z,,,0.0,Worrall,,u,0,Worrall,584,226,579,226,560,221,586,226,,,,,,,,,,,2,16,,,,,,195.0,,
,,,,,,,,,,,,,449,1,3,168,4,163.5,14,1,49.7,168.8,1121,0,0,0,0,0,165.0,4,11,1.61,0.38,1.99,15.20,2024-07-17T10:20:03.131819Z,100.0,100.0,204968,235,0,,,2,Ryan,1.6,False,,2024-08-30T04:00:05.695621Z,,,2.5,Yates,,a,37,Yates,178,69,108,79,90,57,120,70,,,,,,,,,,,3,16,,,,,,60.0,,
,,,,,,,,,,,,,450,0,0,4,0,15.9,0,0,4.3,8.4,9,0,0,0,0,0,19.0,0,0,0.07,0.03,0.10,0.00,2024-07-17T10:20:03.133233Z,0.0,0.0,502697,322,0,,,0,Carlos,0.0,False,Permanent transfer to Flamengo,2024-08-30T09:48:28.633540Z,,,1.0,Alcaraz Durán,,u,1,Alcaraz,428,204,339,194,308,171,398,194,,,,,,,,,,,3,17,,,,,,219.0,,
,,,,,,,,,,,,,451,0,0,1,0,16.1,0,0,2.6,4.0,26,0,0,0,0,0,6.0,1,0,0.02,0.13,0.15,1.11,2024-07-17T10:20:03.134244Z,,,499724,555,0,,,0,Samuel,0.0,False,,,,,0.5,Amo-Ameyaw,,a,1,Amo-Ameyaw,446,212,338,193,360,194,416,201,,,,,,,,,,,3,17,,,,,,220.0,,
,,,,,,,,,,,,,452,0,3,163,0,107.9,21,2,47.6,183.8,810,0,0,0,0,0,182.0,0,7,2.20,0.89,3.09,26.05,2024-07-17T10:20:03.135431Z,,,193204,323,0,,,1,Joe,2.8,False,,,,,2.4,Aribo,,a,34,Aribo,162,60,165,108,74,46,132,75,,,,,,,,,,,3,17,,,,,,70.0,,
2024-08-13T20:09:25.148193Z,453,324701.0,Eleven Hags,3320951.0,116.0,48142.0,8.0,Liam,Thaker,13.0,,False,453,2,2,97,1,95.8,14,2,38.5,111.6,771,0,1,0,0,0,179.0,4,9,2.36,0.44,2.80,18.93,2024-07-17T10:20:03.138562Z,,,155511,169,0,,,2,Adam,3.8,False,,,,,2.5,Armstrong,,a,30,Armstrong,247,24,181,22,78,26,174,25,,,,,,,,,,,4,17,19.0,116.0,25.0,6.0,9.0,26.0,-1.0,11.0
,,,,,,,,,,,,,454,0,0,0,0,0.0,0,0,0.0,0.0,0,0,0,0,0,0,0.0,0,0,0.00,0.00,0.00,0.00,2024-07-17T10:20:03.140235Z,0.0,0.0,456350,556,0,,,0,Gavin,0.0,False,Achilles injury - Expected back 15 Feb,2024-08-23T09:30:06.171400Z,,,0.0,Bazunu,,i,0,Bazunu,557,70,546,56,520,49,559,70,,,,,,,,,,,1,17,,,,,,59.0,,
,,,,,,,,,,,,,455,0,0,100,1,47.3,21,0,32.6,269.4,980,0,0,0,0,0,10.0,3,11,0.01,0.76,0.77,23.03,2024-07-17T10:20:03.141178Z,50.0,50.0,171771,655,0,,,0,Jan,0.0,False,Knee injury - 50% chance of playing,2024-12-06T15:30:08.306281Z,,,1.5,Bednarek,,d,17,Bednarek,77,25,268,73,337,115,204,62,,,,,,,,,,,2,17,,,,,,83.0,,
,,,,,,,,,,,,,456,0,0,0,0,0.0,0,0,0.0,0.0,0,0,0,0,0,0,0.0,0,0,0.00,0.00,0.00,0.00,2024-07-17T10:20:03.143156Z,,,477386,656,0,,,0,Armel,0.0,False,,,,,0.0,Bella-Kotchap,,a,0,Bella-Kotchap,472,163,450,161,410,142,474,163,,,,,,,,,,,2,17,,,,,,196.0,,
,,,,,,,,,,,,,457,0,0,13,0,29.2,5,0,5.5,26.6,135,0,0,0,0,0,0.0,0,2,0.00,0.13,0.13,6.66,2024-07-17T10:20:03.144319Z,,,184386,657,0,,,1,James,0.2,False,,,,,0.7,Bree,,a,2,Bree,376,134,302,92,407,140,386,129,,,,,,,,,,,2,17,,,,,,141.0,,
,,,,,,,,,,,,,458,0,0,0,0,0.0,0,0,0.0,0.0,0,0,0,0,0,0,0.0,0,0,0.00,0.00,0.00,0.00,2024-07-17T10:20:03.145649Z,0.0,0.0,463210,557,0,,,0,Shea,0.0,False,Has joined Sheffield Wednesday on a season-long loan,2024-08-29T11:10:39.600629Z,,,0.0,Charles,,u,0,Charles,599,249,594,253,576,246,601,251,,,,,,,,,,,3,17,,,,,,281.0,,
,,,,,,,,,,,,,459,0,0,6,0,19.0,0,0,5.1,9.8,64,0,0,0,0,0,22.0,1,0,0.00,0.15,0.15,0.31,2024-07-17T10:20:03.148544Z,0.0,0.0,490503,324,0,,,0,Samuel,0.0,False,Loaned to Anderlecht,2024-09-10T11:28:17.403794Z,,,0.5,Edozie,,u,1,Edozie,420,200,330,187,291,160,391,189,,,,,,,,,,,3,17,,,,,,221.0,,
,,,,,,,,,,,,,460,0,0,-1,0,0.1,1,0,0.5,5.0,12,0,0,0,0,0,0.0,0,0,0.00,0.00,0.00,0.32,2024-07-17T10:20:03.149654Z,,,500926,658,0,,,0,Ronnie,0.2,False,,,,,1.0,Edwards,,a,1,Edwards,439,153,442,159,411,143,456,156,,,,,,,,,,,2,17,,,,,,154.0,,
,,,,,,,,,,,,,461,0,0,112,1,102.2,22,1,53.8,325.4,1129,0,0,0,0,0,109.0,5,13,1.16,0.19,1.35,26.49,2024-07-17T10:20:03.151528Z,100.0,100.0,245719,659,0,,,2,Taylor,1.0,False,,2024-11-30T01:00:08.130168Z,,,1.9,Harwood-Bellis,,a,26,Harwood-Bellis,40,12,171,38,136,18,102,21,,,,,,,,,,,2,17,,,,,,60.0,,
,,,,,,,,,,,,,462,0,0,18,0,1.4,3,0,2.4,12.0,46,0,0,0,0,0,11.0,0,0,0.02,0.01,0.03,3.00,2024-07-17T10:20:03.153664Z,100.0,100.0,504783,325,0,,,1,Kamaldeen,0.8,False,,2024-08-05T15:00:04.500770Z,,,1.0,Sulemana,,a,5,Kamaldeen,412,194,416,214,333,181,421,205,,,,,,,,,,,3,17,,,,,,194.0,,
,,,,,,,,,,,,,463,2,1,57,0,67.1,5,0,15.8,70.6,312,0,0,0,0,0,21.0,4,5,0.15,0.44,0.59,5.69,2024-07-17T10:20:03.155466Z,50.0,0.0,39155,274,0,,,0,Adam,0.0,False,Hamstring injury - 50% chance of playing,2024-11-25T09:30:07.787290Z,,,1.4,Lallana,,d,11,Lallana,305,141,219,136,300,165,309,154,,,,,,,,,,,3,17,,,,,,156.0,,
,,,,,,,,,,,,,464,0,0,0,0,0.0,0,0,0.0,0.0,0,0,0,0,0,0,0.0,0,0,0.00,0.00,0.00,0.00,2024-07-17T10:20:03.157149Z,0.0,0.0,515571,660,0,,,0,Juan,0.0,False,Unknown - Expected back 16 Jan,2024-11-29T12:00:07.896449Z,,,0.0,Larios López,,i,0,Larios,526,190,506,188,471,174,528,190,,,,,,,,,,,2,17,,,,,,197.0,,
,,,,,,,,,,,,,465,0,0,0,0,0.0,0,0,0.0,0.0,0,0,0,0,0,0,0.0,0,0,0.00,0.00,0.00,0.00,2024-07-17T10:20:03.158618Z,0.0,0.0,200428,661,0,,,0,Mateusz,0.0,False,Transferred to Göztepe,2024-08-23T12:38:57.742902Z,,,0.0,Lis,,u,0,Lis,492,47,471,25,434,15,494,47,,,,,,,,,,,1,17,,,,,,60.0,,
,,,,,,,,,,,,,466,0,0,22,0,0.0,7,0,10.2,102.2,270,0,0,0,0,13,0.0,0,3,0.00,0.00,0.00,9.40,2024-07-17T10:20:03.159679Z,,,167888,662,0,,,3,Joe,2.0,False,,,,,2.7,Lumley,,a,8,Lumley,261,25,463,22,426,12,338,25,,,,,,,,,,,1,17,,,,,,28.0,,
,,,,,,,,,,,,,467,1,0,53,0,152.2,13,0,30.2,111.6,599,0,0,0,0,0,39.0,1,8,0.14,0.71,0.85,17.92,2024-07-17T10:20:03.160792Z,,,204863,558,0,,,2,Ryan,1.0,False,,,,,1.5,Manning,,a,12,Manning,246,94,122,24,254,75,216,66,,,,,,,,,,,2,17,,,,,,102.0,,
,,,,,,,,,,,,,468,0,0,0,0,0.0,0,0,0.0,0.0,0,0,0,0,0,0,0.0,0,0,0.00,0.00,0.00,0.00,2024-07-17T10:20:03.162282Z,0.0,0.0,476888,326,0,,,0,Sékou,0.0,False,Transferred to Strasbourg,2024-08-26T10:17:11.280625Z,,,0.0,Mara,,u,0,Mara,674,68,670,67,667,68,674,68,,,,,,,,,,,4,17,,,,,,66.0,,
,,,,,,,,,,,,,469,0,0,30,0,0.0,5,0,9.7,96.6,270,0,0,0,0,15,0.0,0,3,0.00,0.00,0.00,5.85,2024-07-17T10:20:03.165495Z,,,58376,559,0,,,0,Alex,0.8,False,,,,,3.0,McCarthy,,a,9,McCarthy,271,26,537,51,507,42,344,26,,,,,,,,,,,1,17,,,,,,27.0,,
,,,,,,,,,,,,,470,0,0,15,0,10.8,4,0,5.2,9.6,110,0,0,0,0,0,32.0,1,1,0.06,0.00,0.06,3.15,2024-07-17T10:20:03.166961Z,25.0,25.0,147611,327,0,,,0,Paul,0.2,False,Knock - 25% chance of playing,2024-11-25T09:30:07.798801Z,,,0.8,Onuachu,,d,5,Onuachu,422,41,358,40,266,40,387,41,,,,,,,,,,,4,17,,,,,,42.0,,
,,,,,,,,,,,,,471,0,0,31,0,57.1,5,0,11.1,22.6,240,0,0,0,0,0,32.0,0,3,0.31,0.54,0.85,4.93,2024-07-17T10:20:03.167865Z,0.0,0.0,214466,328,0,,,0,Will,0.0,False,Hamstring injury - Unknown return date,2024-10-20T11:00:06.361543Z,,,1.5,Smallbone,,i,6,Smallbone,386,183,243,152,267,146,333,166,,,,,,,,,,,3,17,,,,,,189.0,,
,,,,,,,,,,,,,472,0,2,39,1,51.5,20,0,19.6,127.2,793,0,0,0,2,0,17.0,2,10,0.28,0.20,0.48,19.16,2024-07-17T10:20:03.168995Z,0.0,0.0,88900,663,0,,,0,Jack,0.0,False,Suspended until 26 Dec,2024-12-05T00:30:08.671176Z,,,1.0,Stephens,,s,10,Stephens,230,87,258,69,311,99,281,90,,,,,,,,,,,2,17,,,,,,113.0,,
,,,,,,,,,,,,,473,0,0,5,0,6.7,2,0,2.1,5.8,130,0,0,0,0,0,9.0,1,1,0.17,0.02,0.19,2.56,2024-07-17T10:20:03.170097Z,0.0,0.0,230348,560,0,,,0,Ross,0.0,False,Muscle injury - Expected back 16 Jan,2024-10-05T18:00:07.268831Z,,,0.8,Stewart,,i,3,Stewart,435,42,382,42,342,42,426,44,,,,,,,,,,,4,17,,,,,,46.0,,
,,,,,,,,,,,,,474,1,0,98,1,175.7,19,1,41.5,186.0,763,0,0,0,0,0,55.0,2,9,0.29,1.56,1.85,19.02,2024-07-17T10:20:03.172018Z,100.0,100.0,219279,561,0,,,0,Sugawara,0.8,False,,2024-10-20T11:00:06.390070Z,,,2.1,Yukinari,,a,27,Sugawara,159,63,93,19,219,62,153,40,,,,,,,,,,,2,17,,,,,,59.0,,
,,,,,,,,,,,,,475,0,0,30,0,25.4,6,0,9.7,68.6,218,0,0,0,0,0,2.0,1,2,0.00,0.09,0.09,4.40,2024-07-17T10:20:03.172991Z,,,103914,598,0,,,0,Charlie,0.2,False,,,,,1.0,Taylor,,a,6,Taylor,308,107,313,99,380,130,343,112,,,,,,,,,,,2,17,,,,,,123.0,,
,,,,,,,,,,,,,476,2,3,135,1,156.6,27,0,49.3,243.0,1160,0,0,0,0,0,93.0,3,13,0.24,1.12,1.36,32.51,2024-07-17T10:20:03.173879Z,,,158534,562,0,,,2,Kyle,1.8,False,,,,,2.2,Walker-Peters,,a,28,Walker-Peters,101,37,117,23,154,26,122,30,,,,,,,,,,,2,17,,,,,,54.0,,
,,,,,,,,,,,,,477,0,0,10,0,1.8,6,0,4.0,37.8,180,0,0,0,0,0,0.0,1,2,0.00,0.01,0.01,7.72,2024-07-17T10:20:03.174810Z,,,244845,664,0,,,1,Nathan,0.2,False,,,,,0.5,Wood-Gordon,,a,1,Wood,358,128,409,144,441,158,401,135,,,,,,,,,,,2,17,,,,,,155.0,,
,,,,,,,,,,,,,478,0,0,0,0,0.0,0,0,0.0,0.0,0,0,0,0,0,0,0.0,0,0,0.00,0.00,0.00,0.00,2024-07-17T10:20:03.175994Z,0.0,0.0,548308,665,0,,,0,Ashley,0.0,False,Loaned to Stoke City,2024-08-26T10:10:07.966773Z,,,0.0,Phillips,,u,0,A.Phillips,534,197,514,195,479,181,536,197,,,,,,,,,,,2,18,,,,,,198.0,,
,,,,,,,,,,,,,479,0,0,0,0,0.0,0,0,0.0,0.0,0,0,0,0,0,0,0.0,0,0,0.00,0.00,0.00,0.00,2024-07-17T10:20:03.177095Z,,,214572,666,0,,,0,Brandon,0.0,False,,,,,0.0,Austin,,a,0,Austin,495,49,474,27,437,17,497,49,,,,,,,,,,,1,18,,,,,,61.0,,
,,,,,,,,,,,,,480,0,1,106,1,56.6,9,1,22.0,100.2,532,0,0,0,0,0,63.0,4,7,0.72,0.25,0.97,8.24,2024-07-17T10:20:03.178092Z,0.0,0.0,202993,271,0,,,0,Rodrigo,1.4,False,Suspended until 26 Dec,2024-11-18T15:00:09.073683Z,,,1.9,Bentancur,,s,19,Bentancur,263,116,244,153,208,120,266,132,,,,,,,,,,,3,18,,,,,,125.0,,
,,,,,,,,,,,,,481,0,0,36,0,50.8,1,0,9.1,30.6,73,0,0,0,0,0,10.0,0,0,0.08,0.31,0.39,2.33,2024-07-17T10:20:03.179012Z,100.0,100.0,570526,563,0,,,1,Lucas,0.8,False,,2024-10-16T12:30:07.550630Z,,,1.0,Bergvall,,a,9,Bergvall,367,170,261,162,339,183,349,174,,,,,,,,,,,3,18,,,,,,171.0,,
,,,,,,,,,,,,,482,0,4,156,2,81.7,9,2,29.4,181.4,733,0,0,0,0,0,29.0,5,8,0.32,0.35,0.67,12.40,2024-07-17T10:20:03.180055Z,0.0,100.0,227127,256,0,,,1,Yves,1.4,False,Suspended until 22 Dec,2024-12-09T09:30:06.664766Z,,,2.6,Bissouma,,s,31,Bissouma,165,62,197,125,281,155,221,114,,,,,,,,,,,3,18,,,,,,77.0,,
,,,,,,,,,,,,,483,0,0,0,0,0.0,0,0,0.0,0.0,0,0,0,0,0,0,0.0,0,0,0.00,0.00,0.00,0.00,2024-07-17T10:20:03.181578Z,0.0,0.0,436234,293,0,,,0,Bryan,0.0,False,On loan to Girona for the season,2024-07-31T11:08:25.895794Z,,,0.0,Gil Salvatierra,,u,0,Bryan,670,302,666,302,663,300,670,302,,,,,,,,,,,3,18,,,,,,282.0,,
,,,,,,,,,,,,,484,0,0,51,1,2.5,2,0,7.8,72.6,270,0,0,0,0,0,2.0,1,3,0.00,0.03,0.03,5.14,2024-07-17T10:20:03.182460Z,0.0,0.0,115556,457,0,,,0,Ben,1.8,False,Hamstring injury - Unknown return date,2024-12-06T10:30:08.078300Z,,,2.5,Davies,,i,10,Davies,298,104,402,142,385,135,357,114,,,,,,,,,,,2,18,,,,,,114.0,,
,,,,,,,,,,,,,485,0,0,0,0,0.0,0,0,0.0,0.0,0,0,0,0,0,0,0.0,0,0,0.00,0.00,0.00,0.00,2024-07-17T10:20:03.183172Z,0.0,0.0,496179,564,0,,,0,Alfie,0.0,False,Loaned to Westerlo,2024-09-10T11:37:22.522366Z,,,0.0,Devine,,u,0,Devine,611,258,607,262,591,255,613,260,,,,,,,,,,,3,18,,,,,,283.0,,
,,,,,,,,,,,,,486,0,0,62,1,8.5,11,0,17.4,133.8,624,0,0,0,0,0,31.0,0,6,0.05,0.06,0.11,14.79,2024-07-17T10:20:03.183908Z,,,493125,479,0,,,0,Radu,2.2,False,,,,,1.9,Drăgușin,,a,15,Dragusin,218,85,373,120,268,82,294,95,,,,,,,,,,,2,18,,,,,,91.0,,
,,,,,,,,,,,,,487,0,0,0,0,0.0,0,0,0.0,0.0,0,0,0,0,0,0,0.0,0,0,0.00,0.00,0.00,0.00,2024-07-17T10:20:03.184656Z,0.0,0.0,241157,466,0,,,0,Emerson,0.0,False,Transferred to AC Milan,2024-08-13T07:06:12.490889Z,,,0.0,Leite de Souza Junior,,u,0,E.Royal,586,227,581,227,563,222,588,227,,,,,,,,,,,2,18,,,,,,199.0,,
,,,,,,,,,,,,,488,0,0,34,0,0.0,6,0,13.4,133.6,270,0,0,0,0,16,0.0,0,3,0.00,0.00,0.00,7.52,2024-07-17T10:20:03.185504Z,,,40383,565,0,,,1,Fraser,1.6,False,,,,,2.7,Forster,,a,8,Forster,219,23,535,50,505,41,317,23,,,,,,,,,,,1,18,,,,,,29.0,,
,,,,,,,,,,,,,489,0,0,36,0,6.9,2,0,4.5,31.8,153,0,0,0,0,0,7.0,0,1,0.03,0.02,0.05,4.24,2024-07-17T10:20:03.186284Z,100.0,100.0,547701,329,0,,,1,Archie,0.8,False,,2024-12-02T00:00:08.747842Z,,,1.1,Gray,,a,9,Gray,366,169,380,206,353,191,397,193,,,,,,,,,,,3,18,,,,,,172.0,,
,,,,,,,,,,,,,490,0,0,0,0,0.0,0,0,0.0,0.0,0,0,0,0,0,0,0.0,0,0,0.00,0.00,0.00,0.00,2024-07-17T10:20:03.187545Z,0.0,0.0,132015,264,0,,,0,Pierre-Emile,0.0,False,On loan to Marseille for the season,2024-07-23T11:58:08.802970Z,,,0.0,Højbjerg,,u,0,Højbjerg,667,300,663,300,660,298,667,300,,,,,,,,,,,3,18,,,,,,284.0,,
,,,,,,,,,,,,,491,3,5,234,2,169.7,15,6,95.8,300.0,1125,0,0,0,0,0,494.0,2,13,7.05,0.80,7.85,18.71,2024-07-17T10:20:03.189390Z,,,242898,54,0,,,4,Brennan,4.8,False,,,,,4.7,Johnson,,a,71,Johnson,57,18,98,73,8,5,23,19,,,,,,,,,,,3,18,,,,,,10.0,,
2024-08-13T20:04:18.715039Z,492,184585.0,Easy Three Points,3320935.0,100.0,48142.0,1.0,Jonathan,Ako,12.0,,False,492,3,5,221,3,441.4,16,3,112.2,312.6,1138,0,0,0,0,0,370.0,3,13,1.58,2.61,4.19,19.62,2024-07-17T10:20:03.190965Z,,,445044,55,0,,,7,Dejan,3.6,False,,,,,3.8,Kulusevski,,a,57,Kulusevski,47,14,10,9,23,11,10,8,,,,,,,,,,,3,18,13.0,100.0,40.0,27.0,2.0,20.0,20.0,2.0
,,,,,,,,,,,,,493,0,0,0,0,0.0,0,0,0.0,0.0,0,0,0,0,0,0,0.0,0,0,0.00,0.00,0.00,0.00,2024-07-17T10:20:03.192380Z,0.0,0.0,200826,249,0,,,0,Giovani,0.0,False,Transferred to Real Betis,2024-08-31T06:14:45.936781Z,,,0.0,Lo Celso,,u,0,Lo Celso,659,295,654,296,647,292,659,295,,,,,,,,,,,3,18,,,,,,285.0,,
2024-08-13T19:39:39.465262Z,494,289293.0,*Stratford Sardines*,3320869.0,34.0,48142.0,7.0,Flat,7,4.0,,False,494,5,9,346,3,407.0,13,5,115.0,411.4,945,0,0,0,0,0,332.0,2,12,3.52,4.29,7.81,15.03,2024-07-17T10:20:03.193747Z,,,172780,20,0,,,4,James,5.0,False,,,,,5.1,Maddison,,a,76,Maddison,13,5,14,13,30,15,8,6,,,,,,,,,,,3,18,5.0,34.0,17.0,12.0,9.0,6.0,11.0,5.0
2024-08-13T19:42:50.736387Z,495,317751.0,Some Solanke-Panky?,3320876.0,41.0,48142.0,5.0,Alex,Turnbull,5.0,,False,495,2,3,231,3,392.0,18,2,91.3,381.2,1285,0,0,0,0,0,138.0,2,14,1.22,1.69,2.91,21.56,2024-07-17T10:20:03.194733Z,100.0,100.0,441164,100,0,,,3,Pedro,4.8,False,,2024-08-19T23:00:06.196679Z,,,3.7,Porro,,a,55,Pedro Porro,19,4,16,2,106,10,25,1,,,,,,,,,,,2,18,7.0,41.0,9.0,2.0,20.0,8.0,1.0,14.0
,,,,,,,,,,,,,496,0,0,0,0,0.0,0,0,0.0,0.0,0,0,0,0,0,0,0.0,0,0,0.00,0.00,0.00,0.00,2024-07-17T10:20:03.195529Z,,,199249,397,0,,,0,Sergio,0.0,False,,,,,0.0,Reguilón,,a,0,Reguilón,548,210,532,209,502,199,550,210,,,,,,,,,,,2,18,,,,,,200.0,,
2024-08-13T19:51:50.127717Z,497,184585.0,Easy Three Points,3320899.0,64.0,48142.0,1.0,Jonathan,Ako,8.0,,False,497,1,0,22,0,23.7,0,0,6.2,22.2,87,0,0,0,0,0,17.0,1,0,0.19,0.49,0.68,0.59,2024-07-17T10:20:03.196262Z,0.0,0.0,212319,31,0,,,0,Richarlison,0.0,False,Hamstring injury - Expected back 04 Jan,2024-11-04T00:00:08.087677Z,,,1.4,de Andrade,,i,7,Richarlison,389,38,317,36,314,41,378,40,,,,,,,,,,,4,18,25.0,64.0,19.0,-6.0,20.0,40.0,-21.0,23.0
2024-08-13T19:54:38.067503Z,498,184679.0,Kernowfornia United,3320907.0,72.0,48142.0,9.0,Scott,Renfree-Tuck,8.0,,False,498,0,2,185,2,95.1,13,1,48.7,249.6,974,0,0,0,0,0,140.0,1,12,1.03,0.74,1.77,12.86,2024-07-17T10:20:03.197516Z,75.0,75.0,221632,200,0,,,1,Cristian,0.4,False,Muscle injury - 75% chance of playing,2024-11-21T14:30:08.425075Z,,,2.9,Romero,,d,35,Romero,94,35,184,44,102,8,126,32,,,,,,,,,,,2,18,20.0,72.0,16.0,-4.0,33.0,36.0,-20.0,22.0
,,,,,,,,,,,,,499,2,0,143,1,116.1,11,0,31.1,134.8,758,0,0,0,0,0,64.0,3,8,1.21,0.39,1.60,13.25,2024-07-17T10:20:03.198598Z,100.0,100.0,482442,208,0,,,1,Pape Matar,1.6,False,,2024-11-10T23:00:08.379204Z,,,1.7,Sarr,,a,25,P.M.Sarr,216,89,160,105,205,118,212,108,,,,,,,,,,,3,18,,,,,,108.0,,
,,,,,,,,,,,,,500,0,0,0,0,0.0,0,0,0.0,0.0,0,0,0,0,0,0,0.0,0,0,0.00,0.00,0.00,0.00,2024-07-17T10:20:03.199626Z,0.0,0.0,490145,497,0,,,0,Dane,0.0,False,Loaned to Oxford United,2024-08-14T08:32:58.295903Z,,,0.0,Scarlett,,u,0,Scarlett,605,53,601,53,585,53,607,53,,,,,,,,,,,4,18,,,,,,67.0,,
,,,,,,,,,,,,,501,0,0,60,1,74.3,11,0,14.6,62.8,544,0,0,0,0,0,9.0,3,5,0.05,0.25,0.30,15.23,2024-07-17T10:20:03.201144Z,,,209042,283,0,,,1,Oliver,0.6,False,,,,,1.3,Skipp,,a,12,Skipp,320,151,209,133,346,187,315,157,,,,,,,,,,,3,11,,,,,,153.0,,
,,,,,,,,,,,,,502,0,0,0,0,0.0,0,0,0.0,0.0,0,0,0,0,0,0,0.0,0,0,0.00,0.00,0.00,0.00,2024-07-17T10:20:03.202539Z,0.0,0.0,235674,154,0,,,0,Manor,0.0,False,Season long loan to Leeds United,2024-08-29T11:11:30.036154Z,,,0.0,Solomon,,u,0,Solomon,682,309,681,309,679,307,682,309,,,,,,,,,,,3,18,,,,,,286.0,,
2024-08-13T19:31:51.161291Z,503,184585.0,Easy Three Points,3320844.0,9.0,48142.0,9.0,Jonathan,Ako,1.0,,False,503,4,7,279,2,362.7,14,4,98.4,323.4,939,0,0,0,0,0,297.0,0,11,3.22,2.97,6.19,16.76,2024-07-17T10:20:03.203813Z,100.0,100.0,85971,5,0,,,7,Son,3.6,False,,2024-10-25T10:30:06.315550Z,,,5.2,Heung-min,,a,63,Son,44,13,21,18,36,21,20,16,,,,,,,,,,,3,18,9.0,9.0,4.0,-5.0,29.0,13.0,-9.0,19.0
,,,,,,,,,,,,,504,0,0,11,0,7.6,0,0,2.0,10.6,64,0,0,0,0,0,2.0,1,0,0.00,0.01,0.01,0.68,2024-07-17T10:20:03.204904Z,100.0,100.0,232859,566,0,,,0,Djed,0.2,False,,2024-10-19T19:30:07.661626Z,,,0.8,Spence,,a,3,Spence,417,147,376,123,386,136,430,148,,,,,,,,,,,2,18,,,,,,133.0,,
2024-08-13T20:02:32.212690Z,505,317751.0,Some Solanke-Panky?,3320930.0,95.0,48142.0,5.0,Alex,Turnbull,11.0,,False,505,1,0,187,2,194.0,19,0,52.8,226.0,1274,0,0,0,0,0,108.0,2,15,0.31,1.04,1.35,22.13,2024-07-17T10:20:03.205947Z,100.0,100.0,487053,211,0,,,0,Destiny,2.2,False,,2024-09-29T21:00:06.621002Z,,,2.2,Udogie,,a,33,Udogie,122,47,81,16,138,19,107,24,,,,,,,,,,,2,18,22.0,95.0,28.0,6.0,16.0,42.0,-14.0,21.0
2024-08-13T19:56:43.985312Z,506,325685.0,TAA very much,3320913.0,78.0,48142.0,6.0,James,Mason,9.0,,False,506,2,2,128,2,36.6,11,0,23.8,161.0,788,0,0,0,0,0,40.0,4,9,0.35,0.69,1.04,9.79,2024-07-17T10:20:03.206958Z,100.0,0.0,491279,388,0,,,1,Micky,0.2,False,,2024-10-31T03:00:07.863084Z,,,3.1,van de Ven,,a,28,Van de Ven,185,72,291,86,252,74,258,84,,,,,,,,,,,2,18,26.0,78.0,19.0,-7.0,35.0,55.0,-36.0,29.0
,,,,,,,,,,,,,507,0,0,0,0,0.0,0,0,0.0,0.0,0,0,0,0,0,0,0.0,0,0,0.00,0.00,0.00,0.00,2024-07-17T10:20:03.207814Z,0.0,0.0,536908,296,0,,,0,Alejo,0.0,False,Loaned to Espanyol,2024-08-10T12:19:41.352153Z,,,0.0,Véliz,,u,0,Veliz,678,70,674,69,671,70,678,70,,,,,,,,,,,4,18,,,,,,68.0,,
2024-08-13T20:03:03.192829Z,508,318371.0,Up the Ding,3320932.0,97.0,48142.0,7.0,Matthew,Stent,11.0,,False,508,0,1,185,3,0.0,13,0,25.9,260.4,1080,0,0,0,0,29,0.0,1,12,0.00,0.00,0.00,15.25,2024-07-17T10:20:03.210760Z,0.0,0.0,184254,197,0,,,0,Guglielmo,1.8,False,Ankle injury - Unknown return date,2024-11-26T00:00:08.341528Z,,,3.1,Vicario,,i,37,Vicario,87,16,653,67,646,64,248,16,,,,,,,,,,,1,18,11.0,97.0,9.0,-2.0,13.0,13.0,-4.0,10.0
,,,,,,,,,,,,,509,3,2,92,1,116.5,8,0,31.2,92.4,379,0,0,0,0,0,109.0,0,3,1.04,1.26,2.30,8.22,2024-07-17T10:20:03.212105Z,100.0,100.0,165153,66,0,,,1,Timo,2.8,False,,2024-11-07T09:00:08.010655Z,,,2.2,Werner,,a,27,Werner,275,124,159,104,137,88,211,107,,,,,,,,,,,3,18,,,,,,95.0,,
,,,,,,,,,,,,,510,0,0,0,0,0.0,0,0,0.0,0.0,0,0,0,0,0,0,0.0,0,0,0.00,0.00,0.00,0.00,2024-07-17T10:20:03.213169Z,,,175941,667,0,,,0,Alfie,0.0,False,,,,,0.0,Whiteman,,a,0,Whiteman,487,46,466,24,429,14,489,46,,,,,,,,,,,1,18,,,,,,62.0,,
,,,,,,,,,,,,,511,0,0,72,0,97.7,14,0,22.0,102.6,629,0,0,0,1,0,20.0,3,7,0.09,0.45,0.54,12.27,2024-07-17T10:20:03.214243Z,100.0,100.0,213999,231,0,,,2,Edson,1.0,False,,2024-11-02T18:30:08.251411Z,,,0.9,Álvarez Velázquez,,a,10,Álvarez,259,114,175,115,302,167,267,133,,,,,,,,,,,3,19,,,,,,162.0,,
2024-08-13T20:09:14.467597Z,512,325685.0,TAA very much,3320949.0,114.0,48142.0,6.0,James,Mason,13.0,,False,512,4,3,111,4,139.5,18,1,39.5,72.0,834,0,0,0,0,0,194.0,1,11,2.20,0.91,3.11,17.83,2024-07-17T10:20:03.215489Z,0.0,,57531,135,0,,,0,Michail,1.2,False,Leg injury - Unknown return date,2024-12-09T17:00:08.418178Z,,,3.0,Antonio,,i,42,Antonio,300,29,128,12,67,23,168,23,,,,,,,,,,,4,19,15.0,114.0,24.0,9.0,6.0,19.0,5.0,7.0
2024-08-13T19:59:16.591180Z,513,325685.0,TAA very much,3320920.0,85.0,48142.0,4.0,James,Mason,10.0,,False,513,0,0,56,1,0.0,14,0,16.0,159.6,675,1,0,0,0,20,0.0,0,8,0.00,0.00,0.00,11.76,2024-07-17T10:20:03.216407Z,100.0,100.0,84182,368,0,,,0,Alphonse,0.0,False,,2024-09-01T00:30:06.144103Z,,,1.9,Areola,,a,15,Areola,187,22,530,47,500,38,306,22,,,,,,,,,,,1,19,14.0,85.0,8.0,-6.0,16.0,21.0,-13.0,15.0
2024-08-13T19:34:36.828129Z,514,184679.0,Kernowfornia United,3320854.0,19.0,48142.0,1.0,Scott,Renfree-Tuck,3.0,,False,514,5,6,295,3,477.9,27,4,132.5,406.2,1327,0,0,0,0,0,441.0,1,15,3.04,3.82,6.86,26.55,2024-07-17T10:20:03.217396Z,,,178186,14,0,,,12,Jarrod,5.8,False,,,,,4.9,Bowen,,a,73,Bowen,14,6,7,6,10,7,5,4,,,,,,,,,,,3,19,6.0,19.0,11.0,5.0,19.0,7.0,4.0,10.0
,,,,,,,,,,,,,515,0,0,12,0,3.5,4,0,2.2,11.6,71,0,0,0,0,0,7.0,1,1,0.16,0.00,0.16,1.79,2024-07-17T10:20:03.218285Z,,,149519,292,0,,,0,Maxwel,0.0,False,,,,,0.5,Cornet,,a,1,Cornet,413,195,396,208,354,192,424,206,,,,,,,,,,,3,17,,,,,,222.0,,
,,,,,,,,,,,,,516,0,0,17,1,33.2,5,0,6.7,30.2,322,0,0,0,0,0,7.0,2,3,0.02,0.24,0.26,5.66,2024-07-17T10:20:03.219605Z,,,164555,382,0,,,0,Vladimír,0.5,False,,,,,1.4,Coufal,,a,11,Coufal,370,132,293,88,351,119,368,119,,,,,,,,,,,2,19,,,,,,107.0,,
,,,,,,,,,,,,,517,0,0,14,0,25.8,0,0,3.4,6.8,28,0,0,0,0,0,1.0,1,0,0.03,0.07,0.10,1.11,2024-07-17T10:20:03.220967Z,100.0,100.0,55459,605,0,,,1,Aaron,0.2,False,,2024-08-30T04:00:05.718151Z,,,0.8,Cresswell,,a,4,Cresswell,431,151,312,98,403,139,405,138,,,,,,,,,,,2,19,,,,,,128.0,,
,,,,,,,,,,,,,518,0,0,173,1,218.4,24,1,49.0,173.6,1129,0,0,0,0,0,97.0,6,13,0.59,1.12,1.71,26.63,2024-07-17T10:20:03.222091Z,100.0,100.0,220585,330,0,,,1,Flynn,2.2,False,,2024-11-30T01:00:08.247516Z,,,2.0,Downes,,a,26,Downes,177,68,66,51,145,92,124,71,,,,,,,,,,,3,17,,,,,,101.0,,
,,,,,,,,,,,,,519,0,0,0,0,0.0,0,0,0.0,0.0,0,0,0,0,0,0,0.0,0,0,0.00,0.00,0.00,0.00,2024-07-17T10:20:03.223286Z,0.0,0.0,490885,491,0,,,0,George,0.0,False,Loaned to Bristol City,2024-08-16T11:57:26.531525Z,,,0.0,Earthy,,u,0,Earthy,607,254,603,258,587,251,609,256,,,,,,,,,,,3,19,,,,,,287.0,,
,,,,,,,,,,,,,520,1,0,114,3,207.9,25,1,51.8,232.4,1104,0,0,0,0,0,79.0,5,14,1.10,1.47,2.57,22.58,2024-07-17T10:20:03.224433Z,0.0,100.0,109533,385,0,,,1,Emerson,4.0,False,Suspended until 21 Dec,2024-12-10T00:00:08.561714Z,,,2.3,Palmieri dos Santos,,s,35,Emerson,115,44,70,14,176,36,112,26,,,,,,,,,,,2,19,,,,,,37.0,,
,,,,,,,,,,,,,521,0,2,69,2,0.3,14,0,18.0,180.8,675,0,0,0,0,24,0.0,2,7,0.00,0.00,0.00,15.28,2024-07-17T10:20:03.225616Z,,,37096,600,0,,,2,Łukasz,2.2,False,,,,,3.0,Fabiański,,a,24,Fabianski,166,20,434,9,495,34,291,21,,,,,,,,,,,1,19,,,,,,20.0,,
,,,,,,,,,,,,,522,0,0,0,0,0.0,0,0,0.0,0.0,0,0,0,0,0,0,0.0,0,0,0.00,0.00,0.00,0.00,2024-07-17T10:20:03.226755Z,,,82143,400,0,,,0,Wes,0.0,False,,,,,0.0,Foderingham,,a,0,Foderingham,551,67,538,52,508,43,553,67,,,,,,,,,,,1,19,,,,,,63.0,,
,,,,,,,,,,,,,523,2,4,77,0,52.0,2,1,26.3,73.0,172,0,0,0,0,0,137.0,0,1,2.05,0.05,2.10,2.50,2024-07-17T10:20:03.228880Z,100.0,75.0,84939,267,0,,,1,Danny,1.0,False,,2024-12-04T09:30:08.866937Z,,,2.6,Ings,,a,23,Ings,296,28,257,30,108,30,242,30,,,,,,,,,,,4,19,,,,,,29.0,,
,,,,,,,,,,,,,524,1,3,158,3,109.4,28,0,52.4,343.8,1350,0,0,0,0,0,69.0,3,15,1.01,0.23,1.24,27.04,2024-07-17T10:20:03.230810Z,,,214048,386,0,,,2,Max,2.2,False,,,,,2.4,Kilman,,a,36,Kilman,32,9,164,37,198,48,108,25,,,,,,,,,,,2,19,,,,,,33.0,,
2024-08-13T19:36:40.931282Z,525,324701.0,Eleven Hags,3320861.0,26.0,48142.0,8.0,Liam,Thaker,3.0,,False,525,1,2,145,1,181.5,18,2,72.1,192.4,826,0,0,0,1,0,347.0,0,10,3.05,1.29,4.34,15.74,2024-07-17T10:20:03.232115Z,100.0,100.0,460842,51,0,,,7,Mohammed,2.2,False,,2024-10-19T16:00:07.402004Z,,,3.2,Kudus,,a,32,Kudus,155,57,90,69,26,13,52,32,,,,,,,,,,,3,19,31.0,26.0,13.0,-18.0,41.0,74.0,-61.0,34.0
,,,,,,,,,,,,,526,0,0,7,0,0.4,0,0,0.2,0.0,11,0,0,0,0,0,2.0,0,0,0.00,0.00,0.00,0.13,2024-07-17T10:20:03.233246Z,,,577114,331,0,,,0,Luis Guilherme,0.0,False,,,,,1.0,Lira dos Santos,,a,2,L.Guilherme,652,290,432,223,396,210,469,226,,,,,,,,,,,3,19,,,,,,212.0,,
2024-08-13T19:59:58.060049Z,527,317751.0,Some Solanke-Panky?,3320921.0,86.0,48142.0,5.0,Alex,Turnbull,10.0,,False,527,1,1,171,3,266.1,23,2,59.4,197.0,1031,0,0,0,0,0,134.0,4,12,2.48,1.09,3.57,21.99,2024-07-17T10:20:03.234590Z,,,224024,83,0,,,1,Lucas,2.5,False,,,,,2.6,Tolentino Coelho de Lima,,a,39,L.Paquetá,148,55,45,36,112,72,86,52,,,,,,,,,,,3,19,24.0,86.0,35.0,11.0,12.0,50.0,-15.0,23.0
,,,,,,,,,,,,,528,0,2,106,1,23.6,16,0,33.3,220.6,863,0,0,0,0,0,88.0,1,9,0.81,0.34,1.15,17.62,2024-07-17T10:20:03.235450Z,100.0,100.0,233963,446,0,,,2,Konstantinos,1.0,False,,2024-11-30T22:00:08.032136Z,,,1.7,Mavropanos,,a,20,Mavropanos,127,51,318,102,161,29,200,58,,,,,,,,,,,2,19,,,,,,72.0,,
,,,,,,,,,,,,,529,0,0,0,0,0.0,0,0,0.0,0.0,0,0,0,0,0,0,0.0,0,0,0.00,0.00,0.00,0.00,2024-07-17T10:20:03.236547Z,0.0,0.0,210494,452,0,,,0,Nayef,0.0,False,On loan to Real Sociedad for the season,2024-09-01T09:10:50.538029Z,,,0.0,Aguerd,,u,0,N.Aguerd,562,218,552,217,528,211,564,218,,,,,,,,,,,2,19,,,,,,201.0,,
,,,,,,,,,,,,,530,1,8,179,3,133.2,20,4,67.1,257.2,983,0,0,0,0,0,287.0,4,11,2.82,0.74,3.56,18.44,2024-07-17T10:20:03.238030Z,,,215439,195,0,,,9,Tomáš,5.5,False,,,,,3.9,Souček,,a,54,Souček,90,31,136,96,38,23,64,40,,,,,,,,,,,3,19,,,,,,24.0,,
2024-08-13T19:53:33.918660Z,531,283372.0,CripplingHannover96,3320904.0,69.0,48142.0,6.0,Ryan,McIntyre,8.0,,False,531,0,0,44,1,60.9,8,0,11.6,45.6,394,0,0,0,1,0,9.0,0,5,0.06,0.39,0.45,5.54,2024-07-17T10:20:03.239305Z,100.0,100.0,101178,47,0,,,0,James,0.6,False,,2024-10-25T22:30:06.650947Z,,,1.3,Ward-Prowse,,a,9,Ward-Prowse,345,164,234,146,348,188,329,163,,,,,,,,,,,3,16,43.0,69.0,29.0,-14.0,37.0,173.0,-144.0,43.0
,,,,,,,,,,,,,532,0,0,0,0,0.0,0,0,0.0,0.0,0,0,0,0,0,0,0.0,0,0,0.00,0.00,0.00,0.00,2024-07-17T10:20:03.242037Z,0.0,0.0,103192,393,0,,,0,Kurt,0.0,False,On loan to Al-Orobah for the rest of the season,2024-09-02T10:44:47.323774Z,,,0.0,Zouma,,u,0,Zouma,560,217,549,216,525,210,562,217,,,,,,,,,,,2,19,,,,,,202.0,,
,,,,,,,,,,,,,533,3,2,123,1,188.7,37,3,72.2,359.0,1279,0,0,0,0,0,173.0,4,15,1.30,0.79,2.09,24.54,2024-07-17T10:20:03.244689Z,100.0,100.0,448514,391,0,,,4,Rayan,1.5,False,,2024-09-08T23:00:07.055579Z,,,2.8,Aït-Nouri,,a,42,Aït-Nouri,28,8,86,18,82,6,51,6,,,,,,,,,,,2,20,,,,,,24.0,,
,,,,,,,,,,,,,534,0,0,0,0,0.0,0,0,0.0,0.0,0,0,0,0,0,0,0.0,0,0,0.00,0.00,0.00,0.00,2024-07-17T10:20:03.246257Z,0.0,0.0,476502,276,0,,,0,Boubacar,0.0,False,Knee injury - Unknown return date,2024-08-30T04:00:05.724805Z,,,0.0,Traoré,,i,0,B.Traore,655,292,649,293,640,289,655,292,,,,,,,,,,,3,20,,,,,,288.0,,
,,,,,,,,,,,,,535,2,0,94,2,106.7,16,1,28.6,111.0,652,0,0,0,0,0,74.0,2,8,0.42,0.57,0.99,12.09,2024-07-17T10:20:03.247464Z,,,231057,252,0,,,1,Jean-Ricner,2.0,False,,,,,2.3,Bellegarde,,a,30,Bellegarde,249,106,167,109,189,114,228,117,,,,,,,,,,,3,20,,,,,,81.0,,
,,,,,,,,,,,,,536,0,0,0,0,0.0,0,0,0.0,0.0,0,0,0,0,0,0,0.0,0,0,0.00,0.00,0.00,0.00,2024-07-17T10:20:03.248601Z,,,79602,603,0,,,0,Daniel,0.0,False,,,,,0.0,Bentley,,a,0,Bentley,480,42,458,19,419,9,482,42,,,,,,,,,,,1,20,,,,,,64.0,,
,,,,,,,,,,,,,537,0,0,4,0,14.3,0,0,1.9,3.0,6,0,0,0,0,0,2.0,0,0,0.00,0.05,0.05,0.00,2024-07-17T10:20:03.252893Z,0.0,0.0,510363,567,0,,,0,Francisco Jorge,0.0,False,Season long loan to RCD Mallorca,2024-09-01T09:12:21.111329Z,,,1.0,Tomás Oliveira,,u,1,Chiquinho,452,217,345,196,391,206,433,207,,,,,,,,,,,3,20,,,,,,223.0,,
,,,,,,,,,,,,,538,0,0,0,0,0.0,0,0,0.0,0.0,0,0,0,0,0,0,0.0,0,0,0.00,0.00,0.00,0.00,2024-07-17T10:20:03.253879Z,0.0,0.0,497606,492,0,,,0,Tawanda,0.0,False,Loaened to Derby County,2024-08-27T08:37:28.318365Z,,,0.0,Chirewa,,u,0,Chirewa,613,260,609,264,593,257,615,262,,,,,,,,,,,3,20,,,,,,289.0,,
,,,,,,,,,,,,,539,0,0,0,0,0.0,0,0,0.0,0.0,0,0,0,0,0,0,0.0,0,0,0.00,0.00,0.00,0.00,2024-07-17T10:20:03.254655Z,100.0,100.0,589507,495,0,,,0,Leon,0.0,False,,2024-09-10T11:40:34.472554Z,,,0.0,Chiwome,,a,0,Chiwome,641,59,637,59,622,59,643,59,,,,,,,,,,,4,20,,,,,,69.0,,
,,,,,,,,,,,,,540,0,0,0,0,0.0,0,0,0.0,0.0,0,0,0,0,0,0,0.0,0,0,0.00,0.00,0.00,0.00,2024-07-17T10:20:03.255836Z,,,245923,570,0,,,0,Luke,0.0,False,,,,,0.0,Cundle,,a,0,Cundle,589,241,584,245,566,238,591,243,,,,,,,,,,,3,20,,,,,,290.0,,
2024-08-13T19:48:13.024771Z,541,184679.0,Kernowfornia United,3320890.0,55.0,48142.0,1.0,Scott,Renfree-Tuck,7.0,,False,541,3,16,380,1,397.7,35,7,120.8,428.6,1245,0,0,0,0,0,382.0,2,14,3.37,2.62,5.99,23.85,2024-07-17T10:20:03.257316Z,,,430871,52,0,,,1,Matheus,5.2,True,,,,,5.3,Santos Carneiro Da Cunha,,a,80,Cunha,9,2,15,1,20,11,7,2,,,,,,,,,,,4,20,4.0,55.0,16.0,12.0,4.0,4.0,12.0,4.0
,,,,,,,,,,,,,542,1,1,49,1,29.7,23,0,27.6,196.8,884,2,0,0,0,0,49.0,2,9,0.46,0.07,0.53,16.72,2024-07-17T10:20:03.259563Z,,,60232,401,0,,,0,Craig,-1.0,False,,,,,1.2,Dawson,,a,14,Dawson,149,59,301,91,231,69,233,73,,,,,,,,,,,2,20,,,,,,96.0,,
,,,,,,,,,,,,,543,0,0,30,0,65.1,15,1,22.3,101.4,378,0,0,0,0,0,57.0,1,4,0.59,0.45,1.04,5.27,2024-07-17T10:20:03.261802Z,,,87835,444,0,,,6,Matt,1.8,False,,,,,1.2,Doherty,,a,10,Doherty,262,98,225,58,216,60,264,86,,,,,,,,,,,2,20,,,,,,115.0,,
,,,,,,,,,,,,,544,1,0,72,0,52.3,7,0,13.0,58.4,280,0,0,0,0,0,18.0,0,2,0.40,0.18,0.58,6.49,2024-07-17T10:20:03.263006Z,,,220394,265,0,,,1,Tommy,0.8,False,,,,,1.5,Doyle,,a,16,Doyle,329,155,256,159,310,172,319,158,,,,,,,,,,,3,20,,,,,,138.0,,
,,,,,,,,,,,,,545,0,0,0,0,0.0,0,0,0.0,0.0,0,0,0,0,0,0,0.0,0,0,0.00,0.00,0.00,0.00,2024-07-17T10:20:03.264900Z,0.0,0.0,449988,298,0,,,0,Fábio,0.0,False,Season long loan to Las Palmas,2024-08-30T20:53:22.805927Z,,,0.0,Silva,,u,0,Fábio Silva,672,67,668,66,665,67,672,67,,,,,,,,,,,4,20,,,,,,70.0,,
,,,,,,,,,,,,,546,0,0,0,0,0.0,0,0,0.0,0.0,0,0,0,0,0,0,0.0,0,0,0.00,0.00,0.00,0.00,2024-07-17T10:20:03.266167Z,0.0,0.0,531363,493,0,,,0,Nathan,0.0,False,Loaned to Zulte Waregem,2024-08-26T10:19:49.301076Z,,,0.0,Fraser,,u,0,Fraser,622,54,618,54,602,54,624,54,,,,,,,,,,,4,20,,,,,,71.0,,
,,,,,,,,,,,,,547,0,0,0,0,0.0,0,0,0.0,0.0,0,0,0,0,0,0,0.0,0,0,0.00,0.00,0.00,0.00,2024-07-17T10:20:03.267160Z,0.0,0.0,593001,512,0,,,0,Enso,0.0,False,Knee injury - Unknown return date,2024-08-05T15:00:04.514369Z,,,0.0,González,,i,0,Gonzalez,575,236,569,240,548,232,577,238,,,,,,,,,,,3,20,,,,,,291.0,,
,,,,,,,,,,,,,548,2,0,85,0,65.6,11,1,22.9,107.6,233,0,0,0,0,0,56.0,1,1,0.53,0.30,0.83,7.56,2024-07-17T10:20:03.270548Z,,,181284,170,0,,,1,Gonçalo Manuel,3.0,False,,,,,1.8,Ganchinho Guedes,,a,22,Guedes,251,107,223,139,218,122,263,130,,,,,,,,,,,3,20,,,,,,113.0,,
,,,,,,,,,,,,,549,0,0,0,0,0.0,0,0,0.0,0.0,0,0,0,0,0,0,0.0,0,0,0.00,0.00,0.00,0.00,2024-07-17T10:20:03.271977Z,0.0,0.0,490721,463,0,,,0,Hugo,0.0,False,Loaned to Feyenoord,2024-08-14T08:32:21.592368Z,,,0.0,Bueno López,,u,0,H.Bueno,606,229,602,229,586,225,608,229,,,,,,,,,,,2,20,,,,,,203.0,,
2024-08-13T19:47:26.196013Z,550,289293.0,*Stratford Sardines*,3320887.0,52.0,48142.0,7.0,Flat,7,6.0,,False,550,0,0,40,0,40.6,10,0,7.1,21.4,294,0,0,0,0,0,10.0,0,2,0.00,0.17,0.17,5.93,2024-07-17T10:20:03.273742Z,100.0,100.0,184754,56,0,,,0,Hwang,0.8,False,,2024-10-16T12:30:07.628110Z,,,1.1,Hee-chan,,a,10,Hee Chan,392,186,282,170,340,184,365,181,,,,,,,,,,,3,20,40.0,52.0,22.0,-18.0,42.0,163.0,-141.0,42.0
,,,,,,,,,,,,,551,0,0,0,0,0.0,0,0,0.0,0.0,0,0,0,0,0,0,0.0,0,0,0.00,0.00,0.00,0.00,2024-07-17T10:20:03.275965Z,0.0,0.0,240299,571,0,,,0,Joe,0.0,False,Season long to Huddersfield Town,2024-08-29T11:12:19.576028Z,,,0.0,Hodge,,u,0,Hodge,585,238,580,242,562,235,587,240,,,,,,,,,,,3,20,,,,,,292.0,,
,,,,,,,,,,,,,552,0,0,0,0,0.0,0,0,0.0,0.0,0,0,0,0,0,0,0.0,0,0,0.00,0.00,0.00,0.00,2024-07-17T10:20:03.277980Z,0.0,0.0,441271,669,0,,,0,Ki-Jana,0.0,False,Loaned to Auxerre,2024-08-26T10:11:13.033350Z,,,0.0,Hoever,,u,0,Hoever,504,177,484,175,448,160,506,177,,,,,,,,,,,2,20,,,,,,204.0,,
,,,,,,,,,,,,,553,1,5,192,1,167.6,34,2,50.1,234.4,1268,0,0,0,0,0,99.0,5,15,1.03,0.66,1.69,22.22,2024-07-17T10:20:03.279213Z,0.0,,448089,217,0,,,1,João Victor,4.2,False,Suspended until 22 Dec,2024-12-10T00:00:08.608247Z,,,2.9,Gomes da Silva,,s,43,J.Gomes,111,38,102,76,142,90,116,68,,,,,,,,,,,3,20,,,,,,42.0,,
2024-08-13T20:13:33.192215Z,554,228518.0,Boom Boom Eagle FC,3320963.0,128.0,48142.0,2.0,Sam,Thorpe,15.0,,False,554,0,0,46,1,10.0,23,0,19.9,189.4,810,0,0,0,0,27,0.0,1,9,0.00,0.01,0.01,14.24,2024-07-17T10:20:03.280162Z,,,149065,370,0,,,0,José,0.5,False,,,,,1.7,Malheiro de Sá,,a,15,José Sá,156,19,366,6,512,47,278,18,,,,,,,,,,,1,20,15.0,128.0,14.0,-1.0,11.0,22.0,-8.0,13.0
,,,,,,,,,,,,,555,0,0,0,0,0.0,0,0,0.0,0.0,0,0,0,0,0,0,0.0,0,0,0.00,0.00,0.00,0.00,2024-07-17T10:20:03.281187Z,0.0,0.0,429414,279,0,,,0,Saša,0.0,False,Knee injury - Unknown return date,2024-08-22T10:59:37.463254Z,,,0.0,Kalajdžić,,i,0,Kalajdžić,654,61,648,60,638,61,654,61,,,,,,,,,,,4,20,,,,,,72.0,,
,,,,,,,,,,,,,556,0,0,0,0,0.0,0,0,0.0,0.0,0,0,0,0,0,0,0.0,0,0,0.00,0.00,0.00,0.00,2024-07-17T10:20:03.282506Z,,,138001,670,0,,,0,Tom,0.0,False,,,,,0.0,King,,a,0,King,484,44,462,21,425,11,486,44,,,,,,,,,,,1,20,,,,,,65.0,,
,,,,,,,,,,,,,557,3,5,236,1,144.2,36,1,59.0,333.0,1242,0,0,0,0,0,113.0,4,14,1.24,0.76,2.00,24.57,2024-07-17T10:20:03.284137Z,100.0,100.0,151086,204,0,,,1,Mario,2.5,False,,2024-11-02T08:00:08.399249Z,,,2.9,Lemina,,a,44,Mario Jr.,35,10,125,91,130,84,88,54,,,,,,,,,,,3,20,,,,,,40.0,,
,,,,,,,,,,,,,558,0,0,24,0,27.3,12,0,16.0,110.2,441,0,0,0,0,0,21.0,2,5,0.33,0.03,0.36,5.63,2024-07-17T10:20:03.285799Z,0.0,0.0,501837,672,0,,,0,Yerson,0.0,False,Knee injury - Expected back 01 Jun,2024-09-21T20:30:06.017799Z,,,0.6,Mosquera,,i,3,Mosquera,250,96,307,95,292,92,305,99,,,,,,,,,,,2,20,,,,,,134.0,,
,,,,,,,,,,,,,559,2,0,63,1,126.0,25,0,41.6,227.0,1050,0,0,0,0,0,62.0,5,12,0.55,0.66,1.21,21.39,2024-07-17T10:20:03.287205Z,100.0,100.0,200402,410,0,,,1,Nélson,0.5,False,,2024-11-30T20:30:08.621993Z,,,1.6,Cabral Semedo,,a,19,N.Semedo,121,46,147,31,209,55,152,39,,,,,,,,,,,2,20,,,,,,77.0,,
2024-08-13T20:11:28.742675Z,560,318371.0,Up the Ding,3320955.0,120.0,48142.0,3.0,Matthew,Stent,14.0,,False,560,2,4,135,1,253.5,8,1,54.7,158.4,730,0,0,0,0,0,135.0,5,7,0.53,1.69,2.22,11.27,2024-07-17T10:20:03.290943Z,0.0,100.0,247632,61,0,,,1,Pedro,2.6,False,Suspended until 22 Dec,2024-12-09T09:30:06.764738Z,,,2.2,Lomba Neto,,s,29,Neto,189,75,49,40,111,71,98,59,,,,,,,,,,,3,6,35.0,120.0,45.0,10.0,15.0,86.0,-41.0,29.0
,,,,,,,,,,,,,561,0,0,0,0,0.0,0,0,0.0,0.0,0,0,0,0,0,0,0.0,0,0,0.00,0.00,0.00,0.00,2024-07-17T10:20:03.292684Z,,,641221,673,0,,,0,Pedro,0.0,False,,,,,0.0,Cardoso de Lima,,a,0,Pedro Lima,546,209,526,207,494,196,548,209,,,,,,,,,,,2,20,,,,,,205.0,,
,,,,,,,,,,,,,562,0,0,9,0,1.1,2,0,0.4,3.0,46,0,0,0,0,0,1.0,0,0,0.04,0.01,0.05,0.70,2024-07-17T10:20:03.293689Z,0.0,0.0,200600,171,0,,,0,Daniel,0.0,False,Transferred to Al-Shabab,2024-09-05T10:36:18.217223Z,,,1.0,Castelo Podence,,u,2,Podence,453,218,421,215,405,217,461,221,,,,,,,,,,,3,20,,,,,,213.0,,
,,,,,,,,,,,,,563,0,0,32,0,46.7,10,0,10.6,30.6,269,0,0,0,0,0,30.0,0,3,0.06,0.07,0.13,6.69,2024-07-17T10:20:03.294763Z,,,483081,172,0,,,1,Rodrigo,1.2,False,,,,,1.2,Martins Gomes,,a,11,R.Gomes,368,171,270,166,275,151,335,168,,,,,,,,,,,3,20,,,,,,157.0,,
,,,,,,,,,,,,,564,0,0,30,1,4.0,16,0,13.4,113.6,610,0,0,0,0,0,17.0,0,7,0.21,0.02,0.23,11.24,2024-07-17T10:20:03.295719Z,100.0,100.0,231480,483,0,,,1,Santiago,0.2,False,,2024-11-21T08:30:09.504880Z,,,1.4,Bueno,,a,11,S.Bueno,243,93,393,135,313,101,318,104,,,,,,,,,,,2,20,,,,,,108.0,,
2024-08-13T19:57:02.875098Z,565,324701.0,Eleven Hags,3320915.0,80.0,48142.0,8.0,Liam,Thaker,9.0,,False,565,0,0,47,0,51.0,3,1,19.4,64.6,179,0,0,0,0,0,78.0,1,2,1.43,0.42,1.85,2.23,2024-07-17T10:20:03.299078Z,75.0,75.0,88484,123,0,,,0,Pablo,0.0,False,Calf injury - 75% chance of playing,2024-12-06T10:30:08.162176Z,,,2.2,Sarabia,,d,10,Sarabia,318,150,259,160,181,110,283,143,,,,,,,,,,,3,20,41.0,80.0,32.0,-9.0,34.0,164.0,-132.0,40.0
,,,,,,,,,,,,,566,2,7,262,2,128.0,33,6,75.9,292.2,1226,0,0,0,0,0,341.0,2,15,3.50,0.51,4.01,22.92,2024-07-17T10:20:03.301102Z,,,247412,173,0,,,2,Jørgen,5.0,False,,,,,4.3,Strand Larsen,,a,65,Strand Larsen,60,9,145,17,28,14,44,12,,,,,,,,,,,4,20,,,,,,10.0,,
,,,,,,,,,,,,,567,1,2,68,1,42.4,26,0,26.8,205.2,993,0,0,0,0,0,21.0,4,12,0.03,0.31,0.34,20.03,2024-07-17T10:20:03.302861Z,100.0,100.0,510362,387,0,,,1,Toti António,1.2,False,,2024-09-15T23:00:06.339703Z,,,1.5,Gomes,,a,19,Toti,139,57,278,79,294,94,236,75,,,,,,,,,,,2,20,,,,,,78.0,,
2024-08-13T20:14:50.509222Z,568,325685.0,TAA very much,3320967.0,132.0,48142.0,6.0,James,Mason,15.0,,False,568,0,3,148,1,0.0,25,0,41.3,413.8,1260,0,0,0,0,56,0.0,1,14,0.00,0.01,0.01,29.67,2024-07-18T12:51:30.806182Z,100.0,100.0,232917,573,0,,,2,Arijanet,2.6,False,,2024-08-17T20:30:06.519689Z,,,2.8,Muric,,a,39,Muric,11,3,557,60,534,52,155,3,,,,,,,,,,,1,10,10.0,132.0,16.0,6.0,5.0,11.0,5.0,5.0
,,,,,,,,,,,,,569,0,0,18,1,18.7,5,0,7.4,17.4,325,0,0,0,1,0,45.0,2,2,0.46,0.17,0.63,4.73,2024-07-22T12:22:42.574609Z,100.0,100.0,481624,175,0,,,1,Jaden,1.0,False,,2024-10-19T16:30:07.135033Z,,,0.8,Philogene,,a,9,Jaden,401,189,331,188,241,134,361,180,,,,,,,,,,,3,2,,,,,,174.0,,
,,,,,,,,,,,,,570,2,3,125,0,104.3,14,0,40.1,147.6,576,0,0,0,0,0,148.0,0,6,0.41,1.42,1.83,11.00,2024-07-22T12:22:43.968610Z,0.0,0.0,531442,174,0,,,0,Abdul,0.4,False,Knee injury - Expected back 01 Jun,2024-11-21T10:30:09.372550Z,,,2.4,Fatawu,,i,26,A.Fatawu,201,81,169,111,98,63,165,94,,,,,,,,,,,3,11,,,,,,102.0,,
,,,,,,,,,,,,,571,3,6,152,2,328.2,11,0,72.8,143.4,710,0,0,0,0,0,256.0,2,9,2.09,2.98,5.07,8.47,2024-07-22T12:22:45.650915Z,100.0,100.0,510281,72,0,,,2,Sávio 'Savinho',1.5,False,,2024-10-31T02:30:07.756984Z,,,2.9,Moreira de Oliveira,,a,35,Sávio,206,83,28,23,46,28,49,31,,,,,,,,,,,3,13,,,,,,69.0,,
,,,,,,,,,,,,,572,0,0,1,0,1.3,4,0,2.0,19.4,96,0,0,0,0,0,0.0,0,1,0.00,0.00,0.00,2.37,2024-07-22T12:22:45.899345Z,100.0,100.0,550864,569,0,,,1,Leny,0.4,False,,2024-08-05T15:00:04.535911Z,,,1.0,Yoro,,a,2,Yoro,397,139,419,151,524,209,429,147,,,,,,,,,,,2,14,,,,,,142.0,,
,,,,,,,,,,,,,573,0,0,0,0,0.0,0,0,0.0,0.0,0,0,0,0,0,0,0.0,0,0,0.00,0.00,0.00,0.00,2024-07-22T12:22:45.921026Z,0.0,0.0,578512,668,0,,,0,Miodrag,0.0,False,Loaned to Willem II,2024-09-10T11:08:18.853575Z,,,0.0,Pivaš,,u,0,Pivas,538,201,518,199,484,186,540,201,,,,,,,,,,,2,15,,,,,,206.0,,
,,,,,,,,,,,,,574,1,0,169,5,47.4,17,1,41.1,242.8,1260,0,0,0,0,0,123.0,2,14,2.05,0.44,2.49,15.86,2024-07-22T12:22:46.185901Z,,,227444,568,0,,,7,Nikola,3.0,False,,,,,3.6,Milenković,,a,50,Milenković,102,38,267,72,122,13,159,43,,,,,,,,,,,2,16,,,,,,11.0,,
,,,,,,,,,,,,,575,0,0,0,0,0.0,0,0,0.0,0.0,0,0,0,0,0,0,0.0,0,0,0.00,0.00,0.00,0.00,2024-07-24T11:53:42.030719Z,0.0,0.0,488464,676,0,,,0,Caleb,0.0,False,Loaned to Strasbourg,2024-08-13T07:07:06.645739Z,,,0.0,Wiley,,u,0,Wiley,516,182,496,180,460,165,518,182,,,,,,,,,,,2,6,,,,,,207.0,,
,,,,,,,,,,,,,576,0,0,14,0,7.1,0,0,2.9,15.2,48,0,0,0,0,0,7.0,1,0,0.04,0.00,0.04,1.48,2024-07-24T11:53:43.114581Z,,,229384,332,0,,,0,Andy,0.5,False,,,,,0.8,Irving,,a,4,Irving,406,190,379,205,355,193,411,198,,,,,,,,,,,3,19,,,,,,200.0,,
,,,,,,,,,,,,,577,0,0,69,3,158.0,8,0,38.4,91.6,490,0,0,0,0,0,135.0,0,6,1.40,0.81,2.21,5.37,2024-07-26T16:03:07.623009Z,,,463903,176,0,,,0,Jesper,2.0,False,,,,,1.8,Lindstrøm,,a,18,Lindstrøm,276,125,116,84,110,70,175,97,,,,,,,,,,,3,8,,,,,,129.0,,
2024-08-13T19:49:07.968510Z,578,289293.0,*Stratford Sardines*,3320892.0,57.0,48142.0,3.0,Flat,7,7.0,,False,578,0,1,77,1,46.3,8,1,29.4,137.8,505,0,0,0,0,0,111.0,1,6,0.55,0.43,0.98,5.93,2024-07-30T14:01:06.838136Z,75.0,75.0,466075,94,0,,,0,Riccardo,1.2,False,Knock - 75% chance of playing,2024-12-05T01:00:08.685840Z,,,2.5,Calafiori,,d,20,Calafiori,212,82,271,75,134,17,222,68,,,,,,,,,,,2,1,34.0,57.0,14.0,-20.0,39.0,73.0,-59.0,36.0
,,,,,,,,,,,,,579,0,0,2,0,0.0,0,0,0.2,2.0,4,0,0,0,0,0,0.0,0,0,0.00,0.00,0.00,0.02,2024-07-30T14:01:07.134038Z,100.0,100.0,184349,572,0,,,0,Ryan,0.2,False,,2024-11-29T14:30:06.735790Z,,,1.0,Sessegnon,,a,1,Sessegnon,456,158,531,208,501,198,467,161,,,,,,,,,,,2,9,,,,,,156.0,,
,,,,,,,,,,,,,580,0,3,87,1,67.4,5,1,28.3,154.2,430,0,0,0,0,0,61.0,1,4,0.83,0.36,1.19,6.53,2024-08-01T12:03:42.024600Z,,,554605,578,0,,,2,Dean,4.8,False,,,,,2.7,Huijsen,,a,24,Huijsen,198,78,218,57,212,57,229,71,,,,,,,,,,,2,3,,,,,,63.0,,
,,,,,,,,,,,,,581,0,0,10,0,0.0,1,0,2.7,26.6,90,0,0,0,0,3,0.0,0,1,0.00,0.00,0.00,1.56,2024-08-01T12:03:42.301104Z,100.0,100.0,508479,574,0,,,0,Filip,0.6,False,,2024-11-21T08:30:09.544798Z,,,3.0,Jørgensen,,a,3,Jørgensen,377,32,534,49,504,40,415,32,,,,,,,,,,,1,6,,,,,,31.0,,
,,,,,,,,,,,,,582,0,0,1,0,0.5,1,0,0.5,5.0,34,0,0,0,0,0,0.0,1,0,0.00,0.00,0.00,0.82,2024-08-01T12:03:43.233747Z,,,512462,333,0,,,0,Jake,0.3,False,,,,,0.5,O'Brien,,a,1,O'Brien,441,154,427,154,630,226,457,157,,,,,,,,,,,2,8,,,,,,157.0,,
,,,,,,,,,,,,,583,0,0,2,0,10.0,1,0,1.4,4.0,1,0,0,0,0,0,0.0,0,0,0.00,0.00,0.00,0.23,2024-08-01T12:03:43.254071Z,,,108053,671,0,,,0,Conor,0.0,False,,,,,1.0,Townsend,,a,1,Townsend,445,156,364,117,422,147,441,152,,,,,,,,,,,2,10,,,,,,158.0,,
,,,,,,,,,,,,,584,0,0,43,0,63.6,10,0,16.8,21.8,446,0,0,0,0,0,81.0,1,4,0.90,0.15,1.05,11.43,2024-08-01T12:03:44.741160Z,,,204814,177,0,,,1,Ben,0.8,False,,,,,1.3,Brereton Díaz,,a,13,Brereton Díaz,390,184,226,141,173,105,301,151,,,,,,,,,,,3,17,,,,,,149.0,,
2024-08-13T19:50:52.431254Z,585,184585.0,Easy Three Points,3320898.0,63.0,48142.0,9.0,Jonathan,Ako,7.0,,False,585,2,3,145,2,187.7,11,1,63.4,133.2,820,0,0,0,0,0,313.0,2,8,2.09,2.34,4.43,11.71,2024-08-02T15:56:37.069619Z,,,232185,95,0,,,2,Ismaïla,4.8,False,,,,,2.5,Sarr,,a,37,I.Sarr,220,90,87,67,32,17,76,47,,,,,,,,,,,3,7,27.0,63.0,26.0,-1.0,27.0,61.0,-35.0,27.0
,,,,,,,,,,,,,586,0,0,7,0,0.0,1,0,0.4,4.4,3,0,0,0,0,0,0.0,0,0,0.00,0.00,0.00,0.43,2024-08-05T12:08:09.766708Z,100.0,100.0,246301,579,0,,,1,Jorge,0.5,False,,2024-11-29T14:30:06.749491Z,,,1.0,Cuenca Barreno,,a,3,J.Cuenca,443,155,558,220,536,215,459,159,,,,,,,,,,,2,9,,,,,,135.0,,
2024-08-13T19:50:07.337468Z,587,325685.0,TAA very much,3320895.0,60.0,48142.0,6.0,James,Mason,7.0,,False,587,1,2,100,2,210.2,14,1,48.2,133.2,586,0,0,0,0,0,139.0,2,6,1.27,1.67,2.94,13.11,2024-08-05T12:08:11.352741Z,,,450070,96,0,,,2,Crysencio,2.2,False,,,,,1.9,Summerville,,a,27,Summerville,221,91,68,53,104,66,130,73,,,,,,,,,,,3,19,37.0,60.0,25.0,-12.0,35.0,96.0,-71.0,38.0
,,,,,,,,,,,,,588,0,0,124,2,47.9,16,0,20.7,136.8,821,0,0,0,0,0,21.0,4,11,0.14,0.12,0.26,15.77,2024-08-07T11:59:21.597759Z,,,197024,334,0,,,0,Guido,0.5,False,,,,,1.5,Rodríguez,,a,21,G.Rodríguez,213,87,264,164,297,163,271,136,,,,,,,,,,,3,19,,,,,,120.0,,
2024-08-13T19:36:52.279815Z,589,184585.0,Easy Three Points,3320862.0,27.0,48142.0,9.0,Jonathan,Ako,3.0,,False,589,0,1,31,0,3.6,3,1,10.2,35.8,74,0,0,0,0,0,62.0,0,0,0.67,0.09,0.76,1.73,2024-08-07T11:59:23.358193Z,100.0,100.0,91889,38,0,,,0,Niclas,1.5,False,,2024-09-11T12:30:07.323344Z,,,2.2,Füllkrug,,a,9,Füllkrug,361,36,395,44,210,35,340,36,,,,,,,,,,,4,19,24.0,27.0,9.0,-15.0,26.0,38.0,-29.0,26.0
,,,,,,,,,,,,,590,0,0,10,0,0.0,1,0,0.3,1.0,10,0,0,0,0,0,2.0,0,0,0.00,0.00,0.00,0.48,2024-08-09T16:17:50.007820Z,,,538207,335,0,,,0,William,0.2,False,,,,,1.0,Osula,,a,4,Osula,464,47,675,70,401,48,466,48,,,,,,,,,,,4,15,,,,,,44.0,,
2024-08-13T20:07:36.213854Z,591,184679.0,Kernowfornia United,3320943.0,108.0,48142.0,9.0,Scott,Renfree-Tuck,12.0,,False,591,0,0,72,1,24.3,15,0,17.9,141.2,650,0,0,0,0,0,14.0,0,7,0.10,0.02,0.12,12.06,2024-08-12T12:24:27.965677Z,100.0,75.0,462116,585,0,,,1,Jean-Clair,0.5,False,,2024-12-03T11:00:08.140652Z,,,1.5,Todibo,,a,16,Todibo,209,80,316,101,319,104,292,94,,,,,,,,,,,2,19,36.0,108.0,33.0,-3.0,28.0,85.0,-52.0,34.0
,,,,,,,,,,,,,592,0,0,11,0,7.9,7,0,5.1,40.0,352,0,0,0,0,0,2.0,1,5,0.00,0.04,0.04,6.95,2024-08-14T12:11:30.742232Z,0.0,0.0,436893,586,0,,,0,Julián,0.0,False,Hamstring injury - Unknown return date,2024-11-21T11:30:08.788295Z,,,1.0,Araujo Zúñiga,,i,8,J.Araujo,354,125,375,122,388,138,390,132,,,,,,,,,,,2,3,,,,,,119.0,,
,,,,,,,,,,,,,593,0,3,168,3,32.5,17,1,44.4,244.2,1058,0,0,0,0,0,164.0,2,12,1.19,0.03,1.22,19.62,2024-08-14T12:11:31.917530Z,,,209365,341,0,,,1,Matthijs,2.2,False,,,,,2.7,de Ligt,,a,40,De Ligt,100,36,294,89,91,7,139,34,,,,,,,,,,,2,14,,,,,,25.0,,
,,,,,,,,,,,,,594,1,4,206,4,97.6,13,0,41.5,266.6,1081,0,0,0,0,0,52.0,1,13,0.22,0.96,1.18,19.22,2024-08-14T12:11:32.229687Z,100.0,100.0,230001,584,0,,,1,Noussair,2.6,False,,2024-10-27T22:30:07.983672Z,,,2.9,Mazraoui,,a,44,Mazraoui,80,28,176,40,226,67,154,41,,,,,,,,,,,2,14,,,,,,20.0,,
,,,,,,,,,,,,,595,0,0,5,0,0.4,2,0,0.6,3.2,15,0,0,0,0,0,2.0,1,0,0.00,0.00,0.00,0.80,2024-08-15T22:50:34.353558Z,100.0,75.0,499169,588,0,,,0,Myles,0.0,False,,2024-12-03T15:00:08.736469Z,,,0.5,Lewis-Skelly,,a,1,Lewis-Skelly,448,214,431,222,390,205,453,217,,,,,,,,,,,3,1,,,,,,224.0,,
,,,,,,,,,,,,,596,0,0,6,0,17.8,5,0,5.1,31.8,213,0,0,0,0,0,2.0,1,3,0.00,0.11,0.11,2.13,2024-08-15T22:50:34.370838Z,,,515597,675,0,,,0,Lamare,0.0,False,,,,,0.7,Bogarde,,a,2,Bogarde,365,131,334,107,382,132,388,130,,,,,,,,,,,2,2,,,,,,143.0,,
,,,,,,,,,,,,,597,0,0,0,0,0.0,0,0,0.0,0.0,0,0,0,0,0,0,0.0,0,0,0.00,0.00,0.00,0.00,2024-08-15T22:50:34.390233Z,,,444172,674,0,,,0,Will,0.0,False,,,,,0.0,Dennis,,a,0,Dennis,505,55,485,34,449,24,507,55,,,,,,,,,,,1,3,,,,,,66.0,,
,,,,,,,,,,,,,598,0,0,5,0,0.1,0,0,0.3,2.6,3,0,0,0,0,0,0.0,0,0,0.00,0.00,0.00,0.00,2024-08-15T22:50:34.704409Z,,,591357,587,0,,,0,Ryan,0.0,False,,,,,1.0,Trevitt,,a,1,Trevitt,454,219,443,226,623,280,464,223,,,,,,,,,,,3,4,,,,,,225.0,,
,,,,,,,,,,,,,599,0,0,12,0,22.7,3,0,4.9,14.6,63,0,0,0,0,0,12.0,0,0,0.00,0.03,0.03,1.26,2024-08-15T22:50:36.384241Z,100.0,100.0,513433,181,0,,,0,Brajan,0.2,False,,2024-11-30T01:00:08.395710Z,,,1.0,Gruda,,a,5,Gruda,407,191,322,181,328,180,393,190,,,,,,,,,,,3,5,,,,,,195.0,,
,,,,,,,,,,,,,600,0,0,106,4,197.3,7,0,41.8,124.6,724,0,0,0,0,0,94.0,2,8,0.74,0.92,1.66,11.26,2024-08-15T22:50:37.477681Z,100.0,100.0,509416,338,0,,,3,Yasin,2.0,False,,2024-12-03T12:30:09.025260Z,,,1.8,Ayari,,a,22,Ayari,234,99,78,61,153,96,150,88,,,,,,,,,,,3,5,,,,,,114.0,,
,,,,,,,,,,,,,601,0,0,0,0,0.0,0,0,0.0,0.0,0,0,0,0,0,0,0.0,0,0,0.00,0.00,0.00,0.00,2024-08-15T22:50:38.664988Z,0.0,0.0,513834,337,0,,,0,Andrew,0.0,False,Loaned to Stoke City,2024-08-20T12:19:09.002604Z,,,0.0,Moran,,u,0,Moran,677,306,673,306,670,304,677,306,,,,,,,,,,,3,5,,,,,,293.0,,
,,,,,,,,,,,,,602,0,0,2,0,0.1,0,0,0.2,0.0,2,0,0,0,0,0,2.0,1,0,0.00,0.00,0.00,0.00,2024-08-15T22:50:38.992690Z,,,609873,583,0,,,0,Harrison,0.0,False,,,,,0.5,Armstrong,,a,1,Armstrong,646,286,444,227,393,207,468,225,,,,,,,,,,,3,8,,,,,,226.0,,
,,,,,,,,,,,,,603,0,0,3,0,0.6,0,0,0.6,5.2,10,0,0,0,0,0,0.0,0,0,0.00,0.00,0.00,0.06,2024-08-15T22:50:39.326543Z,,,577725,582,0,,,0,Josh,0.2,False,,,,,1.0,King,,a,1,King,438,209,426,219,619,277,454,218,,,,,,,,,,,3,9,,,,,,227.0,,
,,,,,,,,,,,,,604,0,0,0,0,0.0,0,0,0.0,0.0,0,0,0,0,0,0,0.0,0,0,0.00,0.00,0.00,0.00,2024-08-15T22:50:39.670495Z,,,573062,581,0,,,0,Martial,0.0,False,,,,,0.0,Godo,,a,0,Godo,635,279,631,283,615,276,637,281,,,,,,,,,,,3,9,,,,,,294.0,,
,,,,,,,,,,,,,605,0,0,0,0,0.0,0,0,0.0,0.0,0,0,0,0,0,0,0.0,0,0,0.00,0.00,0.00,0.00,2024-08-15T22:50:40.012896Z,,,532534,580,0,,,0,Will,0.0,False,,,,,0.0,Alves,,a,0,Alves,624,270,620,274,604,267,626,272,,,,,,,,,,,3,11,,,,,,295.0,,
,,,,,,,,,,,,,606,0,0,0,0,0.0,0,0,0.0,0.0,0,0,0,0,0,0,0.0,0,0,0.00,0.00,0.00,0.00,2024-08-15T22:50:41.103145Z,100.0,100.0,472769,336,0,,,0,Nico,0.0,False,,2024-11-13T15:30:08.718593Z,,,0.0,O'Reilly,,a,0,O’Reilly,662,297,656,297,652,295,662,297,,,,,,,,,,,3,13,,,,,,296.0,,
,,,,,,,,,,,,,607,2,0,89,1,103.3,9,0,26.8,68.0,472,0,0,0,0,0,95.0,2,3,0.52,1.52,2.04,7.33,2024-08-15T22:50:43.115228Z,100.0,100.0,510500,97,0,,,1,João Pedro,2.2,False,,2024-11-01T10:30:06.942890Z,,,1.6,Ferreira Silva,,a,22,Jota Silva,310,145,170,112,150,93,239,121,,,,,,,,,,,3,16,,,,,,115.0,,
,,,,,,,,,,,,,608,0,3,111,1,189.6,19,1,45.3,127.8,836,0,0,0,0,0,135.0,5,9,1.03,0.92,1.95,21.06,2024-08-15T22:50:43.472537Z,100.0,100.0,496661,577,0,,,2,Tyler,1.2,False,,2024-11-30T01:00:08.409547Z,,,1.9,Dibling,,a,26,Dibling,228,96,85,66,109,69,138,81,,,,,,,,,,,3,17,,,,,,103.0,,
,,,,,,,,,,,,,609,0,0,3,0,0.0,0,0,0.0,0.0,1,0,0,0,0,0,0.0,0,0,0.00,0.00,0.00,0.00,2024-08-15T22:50:43.842873Z,100.0,100.0,552427,576,0,,,0,Will,0.2,False,,2024-09-13T15:00:07.321230Z,,,1.0,Lankshear,,a,1,Lankshear,633,55,629,55,613,55,635,55,,,,,,,,,,,4,18,,,,,,51.0,,
,,,,,,,,,,,,,610,0,0,12,0,2.5,1,0,1.0,1.8,82,0,0,0,0,0,7.0,0,1,0.04,0.03,0.07,0.94,2024-08-15T22:50:44.195788Z,0.0,0.0,499721,575,0,,,0,Mikey,0.0,False,Illness - Expected back 04 Jan,2024-11-07T09:00:08.150966Z,,,1.2,Moore,,i,5,Moore,460,221,403,209,352,190,445,213,,,,,,,,,,,3,18,,,,,,196.0,,
,,,,,,,,,,,,,611,0,2,116,2,61.5,11,3,42.6,159.2,743,0,0,0,0,0,211.0,2,10,2.89,0.39,3.28,17.88,2024-08-16T13:12:44.864313Z,,,172453,98,0,,,2,Sam,3.0,False,,,,,2.9,Szmodics,,a,40,Szmodics,188,74,232,144,61,37,143,83,,,,,,,,,,,3,10,,,,,,49.0,,
,,,,,,,,,,,,,612,0,0,12,1,40.5,1,0,9.2,10.0,160,0,0,0,0,0,42.0,0,2,0.42,0.08,0.50,1.63,2024-08-16T13:12:46.739237Z,0.0,0.0,550839,178,0,,,0,Wilson,0.0,False,Hamstring injury - Unknown return date,2024-10-30T12:00:07.631102Z,,,2.0,Odobert,,i,6,Odobert,419,199,283,171,249,139,348,173,,,,,,,,,,,3,18,,,,,,190.0,,
,,,,,,,,,,,,,613,0,0,12,0,12.6,1,0,2.9,14.2,45,0,0,0,0,0,2.0,0,0,0.00,0.01,0.01,1.03,2024-08-16T22:08:28.108391Z,,,490881,590,0,,,0,Toby,0.0,False,,,,,1.0,Collyer,,a,1,Collyer,408,192,351,197,389,204,410,197,,,,,,,,,,,3,14,,,,,,228.0,,
,,,,,,,,,,,,,614,0,0,0,0,0.0,0,0,0.0,0.0,0,0,0,0,0,0,0.0,0,0,0.00,0.00,0.00,0.00,2024-08-17T19:38:13.876882Z,0.0,0.0,472739,677,0,,,0,Carl,0.0,False,Loaned to Hull City,2024-08-31T06:28:38.039682Z,,,0.0,Rushworth,,u,0,Rushworth,514,60,494,39,458,29,516,60,,,,,,,,,,,1,5,,,,,,67.0,,
,,,,,,,,,,,,,615,0,0,0,0,0.0,0,0,0.0,0.0,0,0,0,0,0,0,0.0,0,0,0.00,0.00,0.00,0.00,2024-08-17T19:38:14.285967Z,0.0,0.0,491557,591,0,,,0,Jenson,0.0,False,Season long loan to Chesterfield,2024-09-01T09:13:11.888586Z,,,0.0,Metcalfe,,u,0,Metcalfe,608,255,604,259,588,252,610,257,,,,,,,,,,,3,8,,,,,,297.0,,
,,,,,,,,,,,,,616,0,0,0,0,0.0,0,0,0.0,0.0,0,0,0,0,0,0,0.0,0,0,0.00,0.00,0.00,0.00,2024-08-19T22:16:41.205422Z,0.0,0.0,501770,678,0,,,0,Ben,0.0,False,Loaned to Oxford United,2024-08-31T06:22:31.067773Z,,,0.0,Nelson,,u,0,Nelson,521,186,501,184,466,170,523,186,,,,,,,,,,,2,11,,,,,,208.0,,
,,,,,,,,,,,,,617,4,10,225,5,138.2,16,4,73.1,194.6,1029,0,1,0,0,0,403.0,0,13,5.74,0.70,6.44,12.13,2024-08-20T12:08:38.131971Z,,,444102,99,0,,,2,Francisco Evanilson,4.5,False,,,,,4.5,de Lima Barbosa,,a,63,Evanilson,151,19,131,13,18,10,48,14,,,,,,,,,,,4,3,,,,,,11.0,,
,,,,,,,,,,,,,618,4,1,139,4,149.9,15,2,52.2,161.0,852,0,0,0,0,0,221.0,2,11,2.58,1.00,3.58,17.31,2024-08-20T12:08:39.841067Z,100.0,100.0,463067,180,0,,,2,Georginio,2.5,False,,2024-10-12T11:00:07.563830Z,,,3.6,Rutter,,a,50,Georginio,186,73,123,89,57,36,109,64,,,,,,,,,,,3,5,,,,,,29.0,,
,,,,,,,,,,,,,619,0,0,59,0,52.6,10,0,9.4,34.0,472,0,0,0,0,0,8.0,2,6,0.08,0.18,0.26,13.01,2024-08-20T12:08:40.114023Z,100.0,100.0,454667,589,0,,,1,Jens,1.6,False,,2024-10-04T00:00:05.976169Z,,,1.4,Cajuste,,a,13,Cajuste,362,168,255,158,349,189,347,172,,,,,,,,,,,3,10,,,,,,150.0,,
,,,,,,,,,,,,,620,0,0,62,0,85.5,2,1,20.0,65.6,140,0,0,0,0,0,50.0,0,0,0.79,0.30,1.09,1.01,2024-08-20T12:08:41.586162Z,,,502222,179,0,,,0,Ramón,0.8,False,,,,,1.5,Sosa,,a,15,Sosa,315,149,191,122,230,126,277,141,,,,,,,,,,,3,16,,,,,,144.0,,
,,,,,,,,,,,,,621,1,0,71,1,76.4,2,1,26.2,77.4,293,0,0,0,0,0,110.0,2,2,1.85,0.30,2.15,4.31,2024-08-22T12:08:30.080720Z,,,428399,41,0,,,1,João,1.8,False,,,,,2.0,Félix Sequeira,,a,18,João Félix,293,135,206,131,135,87,244,122,,,,,,,,,,,3,6,,,,,,130.0,,
,,,,,,,,,,,,,622,0,2,127,1,134.9,12,0,29.7,150.0,791,0,0,0,0,0,13.0,1,8,0.08,0.26,0.34,11.82,2024-08-22T12:08:31.250131Z,,,207189,340,0,,,4,Sander,1.8,False,,,,,1.8,Berge,,a,22,Berge,199,79,135,95,323,176,219,112,,,,,,,,,,,3,9,,,,,,116.0,,
,,,,,,,,,,,,,623,1,0,179,2,198.6,22,1,56.0,193.6,1056,0,0,0,0,0,167.0,3,12,1.57,1.06,2.63,28.41,2024-08-22T12:08:32.290950Z,,,551226,339,0,,,2,Mateus Gonçalo,3.2,False,,,,,2.4,Espanha Fernandes,,a,33,M.Fernandes,152,56,76,60,88,55,94,57,,,,,,,,,,,3,17,,,,,,73.0,,
,,,,,,,,,,,,,624,0,0,0,0,0.0,0,0,0.0,0.0,0,0,0,0,0,0,0.0,0,0,0.00,0.00,0.00,0.00,2024-08-23T16:00:52.378550Z,,,40349,684,0,,,0,Asmir,0.0,False,,,,,0.0,Begovic,,a,0,Begovic,479,41,457,18,418,8,481,41,,,,,,,,,,,1,8,,,,,,68.0,,
,,,,,,,,,,,,,625,1,0,168,2,345.4,16,0,60.7,131.6,950,0,0,0,0,0,131.0,1,11,1.55,1.59,3.13,17.71,2024-08-23T16:00:54.806221Z,,,59859,42,0,,,2,Ilkay,1.8,False,,,,,2.0,Gündogan,,a,28,Gündogan,223,93,25,21,117,77,81,50,,,,,,,,,,,3,13,,,,,,89.0,,
,,,,,,,,,,,,,626,0,0,0,0,0.3,4,0,1.6,15.4,90,0,0,0,0,0,0.0,0,1,0.00,0.00,0.00,2.43,2024-08-24T19:43:18.153444Z,,,496178,685,0,,,0,Roman,0.0,False,,,,,0.0,Dixon,,a,0,Dixon,405,145,433,155,462,166,436,151,,,,,,,,,,,2,8,,,,,,209.0,,
,,,,,,,,,,,,,627,0,0,0,0,0.0,0,0,0.0,0.0,0,0,0,0,0,0,0.0,0,0,0.00,0.00,0.00,0.00,2024-08-24T19:43:19.252224Z,0.0,0.0,476369,395,0,,,0,Issa,0.0,False,Loaned to Benfica,2024-09-05T10:37:05.659734Z,,,0.0,Kaboré,,u,0,Kaboré,603,228,598,228,581,223,605,228,,,,,,,,,,,2,13,,,,,,210.0,,
,,,,,,,,,,,,,628,0,0,59,2,83.7,8,1,24.0,116.4,385,0,0,0,0,0,40.0,1,5,0.44,0.31,0.75,9.44,2024-08-28T11:56:05.602081Z,25.0,25.0,231416,371,0,,,0,Ferdi,0.0,False,Toe Injury - 25% chance of playing,2024-11-10T01:30:09.967684Z,,,3.2,Kadioglu,,d,19,F.Kadıoğlu,238,90,196,48,251,73,257,83,,,,,,,,,,,2,5,,,,,,79.0,,
,,,,,,,,,,,,,629,0,2,52,0,62.2,6,1,16.5,53.6,217,1,0,0,0,0,49.0,1,2,0.69,0.68,1.37,3.75,2024-08-28T11:56:07.908498Z,100.0,100.0,219249,104,0,,,1,Matt,0.8,False,,2024-08-28T16:30:04.729425Z,,,2.2,O'Riley,,a,11,O'Riley,334,158,231,143,233,128,304,152,,,,,,,,,,,3,5,,,,,,158.0,,
,,,,,,,,,,,,,630,0,1,95,1,9.5,20,0,40.6,301.2,1052,0,0,0,0,0,95.0,3,12,0.60,0.14,0.74,24.81,2024-08-28T11:56:07.929245Z,100.0,100.0,216616,680,0,,,1,Dara,1.4,False,,2024-10-18T17:30:07.558521Z,,,1.6,O'Shea,,a,19,O'Shea,56,19,369,118,148,24,163,45,,,,,,,,,,,2,10,,,,,,80.0,,
,,,,,,,,,,,,,631,1,0,82,0,101.8,13,0,25.0,79.8,479,0,0,0,0,0,70.0,1,4,0.72,0.59,1.31,11.83,2024-08-28T11:56:09.996244Z,,,443261,103,0,,,1,Jack,1.2,False,,,,,1.5,Clarke,,a,19,J.Clarke,289,134,172,113,196,117,249,124,,,,,,,,,,,3,10,,,,,,126.0,,
,,,,,,,,,,,,,632,0,0,29,0,30.2,3,0,6.4,22.8,237,0,0,0,0,0,12.0,0,3,0.00,0.05,0.05,2.36,2024-08-28T12:22:13.730707Z,0.0,0.0,229164,182,0,,,0,Chiedozie,0.0,False,Achilles injury - Expected back 01 Jun,2024-10-26T20:00:08.138345Z,,,1.4,Ogbene,,i,7,Ogbene,385,182,300,177,325,177,375,184,,,,,,,,,,,3,10,,,,,,183.0,,
,,,,,,,,,,,,,633,0,1,68,1,58.3,5,1,23.7,104.2,403,0,0,0,0,0,77.0,1,4,1.13,0.33,1.46,3.91,2024-08-28T17:11:36.783902Z,100.0,100.0,195384,77,0,,,1,Mikel,1.2,False,,2024-11-30T22:00:08.239353Z,,,2.2,Merino,,a,18,Merino,257,112,242,151,184,111,259,127,,,,,,,,,,,3,1,,,,,,131.0,,
,,,,,,,,,,,,,634,0,0,0,0,0.0,0,0,0.0,0.0,0,0,0,0,0,0,0.0,0,0,0.00,0.00,0.00,0.00,2024-08-30T12:05:36.983421Z,0.0,0.0,626464,184,0,,,0,Gustavo,0.0,False,Lack of match fitness - Unknown return date,2024-09-12T15:00:06.996116Z,,,0.0,Nunes Fernandes Gomes,,i,0,G.Nunes,666,299,660,299,656,297,666,299,,,,,,,,,,,3,4,,,,,,298.0,,
,,,,,,,,,,,,,635,1,3,93,1,138.7,10,1,26.1,94.8,428,0,0,0,0,0,29.0,0,5,0.19,0.88,1.07,11.11,2024-08-30T12:05:39.040325Z,,,513527,183,0,,,2,Bilal,3.8,False,,,,,2.6,El Khannouss,,a,26,El Khannouss,273,123,130,92,280,154,245,123,,,,,,,,,,,3,11,,,,,,104.0,,
,,,,,,,,,,,,,636,0,0,-1,0,0.9,0,0,1.6,0.2,18,0,0,0,0,0,15.0,0,0,0.16,0.08,0.24,0.55,2024-08-30T12:05:41.468381Z,75.0,75.0,223541,25,0,,,0,Federico,0.0,False,Lack of match fitness - 75% chance of playing,2024-10-02T00:30:05.860798Z,,,1.0,Chiesa,,d,1,Chiesa,469,225,423,217,317,174,439,210,,,,,,,,,,,3,12,,,,,,229.0,,
,,,,,,,,,,,,,637,0,0,0,0,0.0,0,0,0.0,0.0,0,0,0,0,0,0,0.0,0,0,0.00,0.00,0.00,0.00,2024-08-30T12:05:41.493150Z,75.0,75.0,560248,679,0,,,0,Bastien,0.0,False,Lack of match fitness - 75% chance of playing,2024-09-15T23:00:06.387765Z,,,0.0,Meupiyou,,d,0,Meupiyou,535,198,515,196,481,183,537,198,,,,,,,,,,,2,20,,,,,,211.0,,
,,,,,,,,,,,,,638,0,0,0,0,0.0,0,0,0.0,0.0,0,0,0,0,0,0,0.0,0,0,0.00,0.00,0.00,0.00,2024-08-31T19:50:52.364154Z,,,498046,373,0,,,0,Salah-Eddine,0.0,False,,,,,0.0,Oulad M'hand,,a,0,Oulad M'hand,614,261,610,265,594,258,616,263,,,,,,,,,,,3,1,,,,,,299.0,,
,,,,,,,,,,,,,639,0,0,0,0,0.0,0,0,0.0,0.0,0,0,0,0,0,0,0.0,0,0,0.00,0.00,0.00,0.00,2024-08-31T19:50:53.433327Z,,,551221,372,0,,,0,Tommy,0.0,False,,,,,0.0,Setford,,a,0,Setford,632,72,628,64,612,59,634,72,,,,,,,,,,,1,1,,,,,,69.0,,
,,,,,,,,,,,,,640,0,0,0,0,0.0,0,0,0.0,0.0,0,0,0,0,0,0,0.0,0,0,0.00,0.00,0.00,0.00,2024-08-31T19:50:53.459999Z,,,514287,683,0,,,0,Sil,0.0,False,,,,,0.0,Swinkels,,a,0,Swinkels,524,188,504,186,469,172,526,188,,,,,,,,,,,2,2,,,,,,212.0,,
,,,,,,,,,,,,,641,0,0,0,0,0.0,0,0,0.0,0.0,0,0,0,0,0,0,0.0,0,0,0.00,0.00,0.00,0.00,2024-08-31T19:50:53.490181Z,,,516159,682,0,,,0,Oliwier,0.0,False,,,,,0.0,Zych,,a,0,Zych,527,64,507,43,472,33,529,64,,,,,,,,,,,1,2,,,,,,70.0,,
,,,,,,,,,,,,,642,0,0,0,0,0.0,0,0,0.0,0.0,0,0,0,0,0,0,0.0,0,0,0.00,0.00,0.00,0.00,2024-08-31T19:50:53.521689Z,100.0,100.0,518438,681,0,,,0,Kaelan,0.0,False,,2024-11-30T22:00:08.284898Z,,,0.0,Casey,,a,0,Casey,529,192,509,190,474,176,531,192,,,,,,,,,,,2,19,,,,,,213.0,,
,,,,,,,,,,,,,643,0,0,141,0,62.3,21,0,19.5,122.0,684,0,0,0,0,0,12.0,2,9,0.07,0.11,0.18,14.32,2024-08-31T19:50:54.987936Z,,,509291,185,0,,,2,André,2.0,False,,,,,1.5,Trindade da Costa Neto,,a,16,André,236,100,229,142,327,179,282,142,,,,,,,,,,,3,20,,,,,,139.0,,
,,,,,,,,,,,,,644,0,0,0,0,0.0,0,0,0.0,0.0,0,0,0,0,0,0,0.0,0,0,0.00,0.00,0.00,0.00,2024-09-01T18:20:00.891934Z,25.0,25.0,574398,347,0,,,0,Franco,0.0,False,Hamstring injury - 25% chance of playing,2024-11-13T09:30:08.263810Z,,,0.0,Umeh-Chibueze,,d,0,Umeh-Chibueze,574,235,568,239,547,231,576,237,,,,,,,,,,,3,7,,,,,,300.0,,
,,,,,,,,,,,,,645,0,1,55,0,59.0,2,1,15.7,67.4,203,0,0,0,0,0,29.0,0,2,0.45,0.28,0.73,4.46,2024-09-01T18:20:02.064413Z,,,489706,346,0,,,1,Justin,2.8,False,,,,,2.6,Devenny,,a,13,Devenny,311,146,240,149,278,153,310,155,,,,,,,,,,,3,7,,,,,,151.0,,
,,,,,,,,,,,,,646,0,0,4,0,10.6,0,0,1.5,4.0,4,0,0,0,0,0,1.0,0,0,0.02,0.01,0.03,0.00,2024-09-01T18:20:03.107717Z,,,579075,344,0,,,0,Asher,0.0,False,,,,,1.0,Agbinone,,a,2,Agbinone,447,213,360,202,404,216,440,211,,,,,,,,,,,3,7,,,,,,214.0,,
,,,,,,,,,,,,,647,0,0,0,0,0.0,0,0,0.0,0.0,0,0,0,0,0,0,0.0,0,0,0.00,0.00,0.00,0.00,2024-09-01T18:20:04.119854Z,,,530318,343,0,,,0,Kaden,0.0,False,,,,,0.0,Rodney,,a,0,Rodney,621,268,617,272,601,265,623,270,,,,,,,,,,,3,7,,,,,,301.0,,
,,,,,,,,,,,,,648,0,0,0,0,0.0,0,0,0.0,0.0,0,0,0,0,0,0,0.0,0,0,0.00,0.00,0.00,0.00,2024-09-01T18:20:05.220072Z,,,575034,342,0,,,0,Ethan,0.0,False,,,,,0.0,Wheatley,,a,0,Wheatley,637,57,633,57,617,57,639,57,,,,,,,,,,,4,14,,,,,,73.0,,
,,,,,,,,,,,,,649,0,0,0,0,0.0,0,0,0.0,0.0,0,0,0,0,0,0,0.0,0,0,0.00,0.00,0.00,0.00,2024-09-02T13:57:01.014762Z,,,499717,686,0,,,0,Jayden,0.0,False,,,,,0.0,Meghoma,,a,0,Meghoma,520,185,500,183,465,169,522,185,,,,,,,,,,,2,4,,,,,,214.0,,
,,,,,,,,,,,,,650,1,2,153,3,40.7,15,1,37.3,254.0,1080,0,0,0,0,0,78.0,3,12,1.26,0.41,1.67,16.01,2024-09-02T13:57:02.385533Z,,,437499,348,0,,,7,Maxence,4.5,False,,,,,3.2,Lacroix,,a,38,Lacroix,92,33,280,80,179,37,179,49,,,,,,,,,,,2,7,,,,,,28.0,,
,,,,,,,,,,,,,651,0,0,96,2,66.2,4,1,20.6,97.8,582,0,0,0,0,0,42.0,1,6,0.39,0.49,0.88,6.60,2024-09-02T13:57:04.347108Z,,,179519,188,0,,,0,Orel,3.0,False,,,,,2.0,Mangala,,a,22,Mangala,267,120,222,138,248,138,274,138,,,,,,,,,,,3,8,,,,,,117.0,,
,,,,,,,,,,,,,652,0,0,79,1,80.7,8,0,17.9,95.0,500,0,0,0,0,0,6.0,3,5,0.01,0.35,0.36,8.41,2024-09-02T13:57:06.196254Z,100.0,100.0,232112,187,0,,,2,Manuel,1.6,False,,2024-10-16T15:00:07.568257Z,,,1.3,Ugarte,,a,13,Ugarte,272,122,198,126,366,197,293,147,,,,,,,,,,,3,14,,,,,,152.0,,
,,,,,,,,,,,,,653,0,0,32,0,3.2,1,0,5.7,53.8,144,0,0,0,0,0,0.0,0,0,0.00,0.01,0.01,2.30,2024-09-02T13:57:07.477837Z,,,485047,345,0,,,1,Felipe,0.6,False,,,,,1.0,Rodrigues da Silva,,a,8,Morato,333,115,397,137,583,224,385,128,,,,,,,,,,,2,16,,,,,,120.0,,
,,,,,,,,,,,,,654,1,0,85,2,123.8,9,0,26.8,57.8,547,0,0,0,0,0,87.0,4,5,0.72,0.59,1.31,11.50,2024-09-02T13:57:09.385806Z,,,224860,186,0,,,2,Carlos,3.0,False,,,,,1.4,Soler,,a,17,C.Soler,330,156,151,101,167,104,238,120,,,,,,,,,,,3,19,,,,,,136.0,,
,,,,,,,,,,,,,655,0,0,23,0,21.1,8,0,6.6,19.6,207,0,0,0,0,0,27.0,2,1,0.11,0.09,0.20,5.82,2024-09-02T13:57:11.603069Z,,,463212,105,0,,,0,Carlos Roberto,0.2,False,,,,,0.8,Forbs Borges,,a,5,Forbs,396,188,324,182,284,156,374,183,,,,,,,,,,,3,20,,,,,,197.0,,
,,,,,,,,,,,,,656,0,0,0,0,0.0,0,0,0.0,0.0,0,0,0,0,0,0,0.0,0,0,0.00,0.00,0.00,0.00,2024-09-14T22:24:17.648625Z,,,537403,349,0,,,0,Kadan,0.0,False,,,,,0.0,Young,,a,0,Young,627,273,623,277,607,270,629,275,,,,,,,,,,,3,2,,,,,,302.0,,
,,,,,,,,,,,,,657,0,0,0,0,0.0,0,0,0.0,0.0,0,0,0,0,0,0,0.0,0,0,0.00,0.00,0.00,0.00,2024-09-15T18:31:15.079027Z,,,588793,689,0,,,0,Maldini,0.0,False,,,,,0.0,Kacurri,,a,0,Kacurri,539,202,519,200,486,188,541,202,,,,,,,,,,,2,1,,,,,,215.0,,
,,,,,,,,,,,,,658,0,0,0,0,0.0,0,0,0.0,0.0,0,0,0,0,0,0,0.0,0,0,0.00,0.00,0.00,0.00,2024-09-15T18:31:15.363753Z,,,606745,687,0,,,0,Ayden,0.0,False,,,,,0.0,Heaven,,a,0,Heaven,543,206,523,204,491,193,545,206,,,,,,,,,,,2,1,,,,,,216.0,,
,,,,,,,,,,,,,659,0,0,0,0,0.0,0,0,0.0,0.0,0,0,0,0,0,0,0.0,0,0,0.00,0.00,0.00,0.00,2024-09-15T18:31:16.614006Z,,,588796,350,0,,,0,Ismeal,0.0,False,,,,,0.0,Kabia,,a,0,Kabia,640,281,636,285,621,279,642,283,,,,,,,,,,,3,1,,,,,,303.0,,
,,,,,,,,,,,,,660,0,0,0,0,0.0,0,0,0.0,0.0,0,0,0,0,0,0,0.0,0,0,0.00,0.00,0.00,0.00,2024-09-21T19:40:58.723704Z,,,592662,351,0,,,0,Tony,0.0,False,,,,,0.0,Yogane,,a,0,Yogane,643,283,639,287,625,282,645,285,,,,,,,,,,,3,4,,,,,,304.0,,
,,,,,,,,,,,,,661,0,0,6,0,0.0,0,0,0.9,8.8,11,0,0,0,0,1,0.0,0,0,0.00,0.00,0.00,0.14,2024-09-21T19:40:58.863058Z,,,432987,688,0,,,0,Vítezslav,0.0,False,,,,,1.0,Jaros,,a,1,Jaros,427,34,481,31,445,21,447,34,,,,,,,,,,,1,12,,,,,,34.0,,
,,,,,,,,,,,,,662,0,0,0,0,0.0,0,0,0.0,0.0,0,0,0,0,0,0,0.0,0,0,0.00,0.00,0.00,0.00,2024-09-28T19:49:38.015510Z,,,499167,692,0,,,0,Josh,0.0,False,,,,,0.0,Nichols,,a,0,Nichols,519,184,499,182,464,168,521,184,,,,,,,,,,,2,1,,,,,,217.0,,
,,,,,,,,,,,,,663,0,0,0,0,0.0,0,0,0.0,0.0,0,0,0,0,0,0,0.0,0,0,0.00,0.00,0.00,0.00,2024-09-28T19:49:38.190480Z,,,447720,691,0,,,0,Imari,0.0,False,,,,,0.0,Samuels,,a,0,Samuels,507,179,487,177,451,162,509,179,,,,,,,,,,,2,5,,,,,,218.0,,
,,,,,,,,,,,,,664,0,0,3,0,0.0,0,0,0.0,0.0,1,0,0,0,0,0,0.0,0,0,0.00,0.00,0.00,0.00,2024-09-28T19:49:38.229286Z,,,517179,690,0,,,0,Alfie,0.2,False,,,,,1.0,Pond,,a,1,Pond,473,164,451,162,412,144,475,164,,,,,,,,,,,2,20,,,,,,159.0,,
,,,,,,,,,,,,,665,0,0,0,0,0.0,0,0,0.0,0.0,0,0,0,0,0,0,0.0,0,0,0.00,0.00,0.00,0.00,2024-10-05T19:43:14.537190Z,,,461025,352,0,,,0,Nathan,0.0,False,,,,,0.0,Butler-Oyedeji,,a,0,Butler-Oyedeji,595,51,590,51,572,51,597,51,,,,,,,,,,,4,1,,,,,,74.0,,
,,,,,,,,,,,,,666,0,0,4,0,4.1,0,0,0.6,2.0,1,0,0,0,0,0,0.0,0,0,0.00,0.02,0.02,0.00,2024-10-05T19:43:14.912181Z,,,590012,629,0,,,0,Caleb,0.0,False,,,,,1.0,Kporha,,a,1,Kporha,455,157,391,133,488,190,450,155,,,,,,,,,,,2,7,,,,,,160.0,,
,,,,,,,,,,,,,667,0,0,0,0,0.0,0,0,0.0,0.0,0,0,0,0,0,0,0.0,0,0,0.00,0.00,0.00,0.00,2024-10-19T20:32:44.172792Z,,,547037,353,0,,,0,Jack,0.0,False,,,,,0.0,Fletcher,,a,0,Fletcher,629,275,625,279,609,272,631,277,,,,,,,,,,,3,14,,,,,,305.0,,
,,,,,,,,,,,,,668,0,0,0,0,0.0,0,0,0.0,0.0,0,0,0,0,0,0,0.0,0,0,0.00,0.00,0.00,0.00,2024-10-26T19:39:58.408283Z,,,565858,592,0,,,0,Killian,0.0,False,,,,,0.0,Cahill,,a,0,Cahill,474,37,452,14,413,4,476,37,,,,,,,,,,,1,5,,,,,,71.0,,
,,,,,,,,,,,,,669,0,0,0,0,0.0,0,0,0.0,0.0,0,0,0,0,0,0,0.0,0,0,0.00,0.00,0.00,0.00,2024-10-27T19:58:27.019870Z,,,464353,597,0,,,0,Harvey,0.0,False,,,,,0.0,Davies,,a,0,Davies,512,59,492,38,456,28,514,59,,,,,,,,,,,1,12,,,,,,72.0,,
,,,,,,,,,,,,,670,0,0,0,0,0.0,0,0,0.0,0.0,0,0,0,0,0,0,0.0,0,0,0.00,0.00,0.00,0.00,2024-10-27T19:58:27.577240Z,,,577974,593,0,,,0,Harry,0.0,False,,,,,0.0,Amass,,a,0,Amass,537,200,517,198,483,185,539,200,,,,,,,,,,,2,14,,,,,,219.0,,
,,,,,,,,,,,,,671,0,0,0,0,0.0,0,0,0.0,0.0,0,0,0,0,0,0,0.0,0,0,0.00,0.00,0.00,0.00,2024-11-02T20:51:56.592314Z,,,516250,354,0,,,0,Jacob,0.0,False,,,,,0.0,Wright,,a,0,Wright,617,264,613,268,597,261,619,266,,,,,,,,,,,3,13,,,,,,306.0,,
,,,,,,,,,,,,,672,0,0,4,0,1.8,2,0,2.0,18.2,90,0,0,0,0,0,0.0,1,1,0.00,0.01,0.01,2.29,2024-11-02T20:51:57.135251Z,100.0,100.0,554194,596,0,,,0,Jahmai,0.0,False,,2024-11-13T15:30:08.805382Z,,,0.0,Simpson-Pusey,,a,0,Simpson-Pusey,398,140,410,145,480,182,427,145,,,,,,,,,,,2,13,,,,,,220.0,,
,,,,,,,,,,,,,673,0,0,0,0,0.0,0,0,0.0,0.0,0,0,0,0,0,0,0.0,0,0,0.00,0.00,0.00,0.00,2024-11-03T19:47:15.962442Z,,,556639,355,0,,,0,Jayce,0.0,False,,,,,0.0,Fitzgerald,,a,0,Fitzgerald,634,278,630,282,614,275,636,280,,,,,,,,,,,3,14,,,,,,307.0,,
,,,,,,,,,,,,,674,0,0,7,0,0.4,0,0,0.6,6.0,27,0,0,0,0,0,0.0,0,0,0.00,0.00,0.00,0.74,2024-11-04T23:03:34.917521Z,,,220695,356,0,,,1,Paris,0.5,False,,,,,1.0,Maghoma,,a,2,Maghoma,434,207,430,221,561,234,452,216,,,,,,,,,,,3,4,,,,,,215.0,,
,,,,,,,,,,,,,675,0,0,0,0,0.0,0,0,0.0,0.0,0,0,0,0,0,0,0.0,0,0,0.00,0.00,0.00,0.00,2024-11-09T23:26:21.942529Z,,,576980,358,0,,,0,Zach,0.0,False,,,,,0.0,Marsh,,a,0,Marsh,638,58,634,58,618,58,640,58,,,,,,,,,,,4,7,,,,,,75.0,,
,,,,,,,,,,,,,676,0,0,0,0,0.0,0,0,0.0,0.0,0,0,0,0,0,0,0.0,0,0,0.00,0.00,0.00,0.00,2024-11-09T23:26:23.218754Z,,,547801,357,0,,,0,Callum,0.0,False,,,,,0.0,Bates,,a,0,Bates,630,276,626,280,610,273,632,278,,,,,,,,,,,3,8,,,,,,308.0,,
,,,,,,,,,,,,,677,0,0,0,0,0.0,0,0,0.0,0.0,0,0,0,0,0,0,0.0,0,0,0.00,0.00,0.00,0.00,2024-11-09T23:26:23.580533Z,,,447880,595,0,,,0,Josh,0.0,False,,,,,0.0,Wilson-Esbrand,,a,0,Wilson-Esbrand,508,180,488,178,452,163,510,180,,,,,,,,,,,2,13,,,,,,221.0,,
,,,,,,,,,,,,,678,0,0,0,0,0.0,0,0,0.0,0.0,0,0,0,0,0,0,0.0,0,0,0.00,0.00,0.00,0.00,2024-11-09T23:26:23.941021Z,,,536109,594,0,,,0,Ollie,0.0,False,,,,,0.0,Scarles,,a,0,Scarles,530,193,510,191,475,177,532,193,,,,,,,,,,,2,19,,,,,,222.0,,
,,,,,,,,,,,,,679,0,0,0,0,0.0,0,0,0.0,0.0,0,0,0,0,0,0,0.0,0,0,0.00,0.00,0.00,0.00,2024-11-23T21:02:15.280180Z,,,577731,361,0,,,0,Ben,0.0,False,,,,,0.0,Broggio,,a,0,Broggio,639,280,635,284,620,278,641,282,,,,,,,,,,,3,2,,,,,,309.0,,
,,,,,,,,,,,,,680,0,0,0,0,0.0,0,0,0.0,0.0,0,0,0,0,0,0,0.0,0,0,0.00,0.00,0.00,0.00,2024-11-23T21:02:16.451788Z,,,496683,427,0,,,0,Max,0.0,False,,,,,0.0,Kinsey,,a,0,Kinsey,518,183,498,181,463,167,520,183,,,,,,,,,,,2,3,,,,,,223.0,,
,,,,,,,,,,,,,681,0,0,0,0,0.0,0,0,0.0,0.0,0,0,0,0,0,0,0.0,0,0,0.00,0.00,0.00,0.00,2024-11-23T21:02:17.475690Z,,,539721,426,0,,,0,Ruairi,0.0,False,,,,,0.0,McConville,,a,0,McConville,531,194,511,192,476,178,533,194,,,,,,,,,,,2,5,,,,,,224.0,,
,,,,,,,,,,,,,682,0,0,0,0,0.0,0,0,0.0,0.0,0,0,0,0,0,0,0.0,0,0,0.00,0.00,0.00,0.00,2024-11-23T21:02:18.742964Z,,,499726,360,0,,,0,Callum,0.0,False,,,,,0.0,Olusesi,,a,0,Olusesi,615,262,611,266,595,259,617,264,,,,,,,,,,,3,18,,,,,,310.0,,
,,,,,,,,,,,,,683,0,0,0,0,0.0,0,0,0.0,0.0,0,0,0,0,0,0,0.0,0,0,0.00,0.00,0.00,0.00,2024-11-23T21:02:19.807642Z,,,611920,424,0,,,0,Malachi,0.0,False,,,,,0.0,Hardy,,a,0,Hardy,544,207,524,205,492,194,546,207,,,,,,,,,,,2,18,,,,,,225.0,,
,,,,,,,,,,,,,684,0,0,0,0,0.0,0,0,0.0,0.0,0,0,0,0,0,0,0.0,0,0,0.00,0.00,0.00,0.00,2024-11-23T21:02:21.089585Z,,,596054,359,0,,,0,Tom,0.0,False,,,,,0.0,Edozie,,a,0,Edozie,644,284,640,288,626,283,646,286,,,,,,,,,,,3,20,,,,,,311.0,,
,,,,,,,,,,,,,685,0,0,0,0,0.0,0,0,0.0,0.0,0,0,0,0,0,0,0.0,0,0,0.00,0.00,0.00,0.00,2024-11-29T23:40:05.361227Z,,,589100,430,0,,,0,Jacob,0.0,False,,,,,0.0,Slater,,a,0,Slater,540,203,520,201,487,189,542,203,,,,,,,,,,,2,5,,,,,,226.0,,
,,,,,,,,,,,,,686,0,0,0,0,0.0,0,0,0.0,0.0,0,0,0,0,0,0,0.0,0,0,0.00,0.00,0.00,0.00,2024-11-30T21:03:47.639378Z,,,606775,362,0,,,0,Ben,0.0,False,,,,,0.0,Winterburn,,a,0,Winterburn,645,285,641,289,627,284,647,287,,,,,,,,,,,3,3,,,,,,312.0,,
,,,,,,,,,,,,,687,0,0,0,0,0.0,0,0,0.0,0.0,0,0,0,0,0,0,0.0,0,0,0.00,0.00,0.00,0.00,2024-11-30T21:03:48.773247Z,,,602903,429,0,,,0,Ezra,0.0,False,,,,,0.0,Mayers,,a,0,Mayers,542,205,522,203,490,192,544,205,,,,,,,,,,,2,19,,,,,,227.0,,
,,,,,,,,,,,,,688,0,0,0,0,0.0,0,0,0.0,0.0,0,0,0,0,0,0,0.0,0,0,0.00,0.00,0.00,0.00,2024-12-01T19:00:25.055342Z,,,591385,431,0,,,0,Samuel,0.0,False,,,,,0.0,Amissah,,a,0,Amissah,541,204,521,202,489,191,543,204,,,,,,,,,,,2,9,,,,,,228.0,,
,,,,,,,,,,,,,689,0,0,0,0,0.0,0,0,0.0,0.0,0,0,0,0,0,0,0.0,0,0,0.00,0.00,0.00,0.00,2024-12-01T19:00:26.491430Z,,,591386,364,0,,,0,Treymaurice,0.0,False,,,,,0.0,Nyoni,,a,0,Nyoni,642,282,638,286,624,281,644,284,,,,,,,,,,,3,12,,,,,,313.0,,
,,,,,,,,,,,,,690,0,0,0,0,0.0,0,0,0.0,0.0,0,0,0,0,0,0,0.0,0,0,0.00,0.00,0.00,0.00,2024-12-01T19:00:27.767975Z,,,611917,363,0,,,0,Luca,0.0,False,,,,,0.0,Williams-Barnett,,a,0,Williams-Barnett,647,287,642,290,628,285,648,288,,,,,,,,,,,3,18,,,,,,314.0,,
,,,,,,,,,,,,,691,0,0,0,0,0.0,0,0,0.0,0.0,0,0,0,0,0,0,0.0,0,0,0.00,0.00,0.00,0.00,2024-12-04T23:51:44.158815Z,,,611926,433,0,,,0,Amara,0.0,False,,,,,0.0,Nallo,,a,0,Nallo,545,208,525,206,493,195,547,208,,,,,,,,,,,2,12,,,,,,229.0,,
,,,,,,,,,,,,,692,0,0,0,0,0.0,0,0,0.0,0.0,0,0,0,0,0,0,0.0,0,0,0.00,0.00,0.00,0.00,2024-12-04T23:51:45.195567Z,,,576637,432,0,,,0,Godwill,0.0,False,,,,,0.0,Kukonki,,a,0,Kukonki,536,199,516,197,482,184,538,199,,,,,,,,,,,2,14,,,,,,230.0,,
,,,,,,,,,,,,,693,0,0,0,0,0.0,0,0,0.0,0.0,0,0,0,0,0,0,0.0,0,0,0.00,0.00,0.00,0.00,2024-12-04T23:51:46.295589Z,,,545508,365,0,,,0,Joseph,0.0,False,,,,,0.0,O'Brien-Whitmarsh,,a,0,O'Brien-Whitmarsh,628,274,624,278,608,271,630,276,,,,,,,,,,,3,17,,,,,,315.0,,
